#! FIELDS time lq6_mean metad.bias metad.rct metad.rbias
 20000.000000 0.816450 0.000000 0.000000 0.000000
 20025.000000 0.845420 0.000000 0.000000 0.000000
 20050.000000 0.807232 0.000000 0.000000 0.000000
 20075.000000 0.807544 0.000000 0.000000 0.000000
 20100.000000 0.829157 0.000000 0.000000 0.000000
 20125.000000 0.768356 0.000000 0.000000 0.000000
 20150.000000 0.765733 0.000000 0.000000 0.000000
 20175.000000 0.779702 0.000000 0.000000 0.000000
 20200.000000 0.831151 0.000000 0.000000 0.000000
 20225.000000 0.835812 0.000000 0.000000 0.000000
 20250.000000 0.830843 0.000000 0.000000 0.000000
 20275.000000 0.840962 0.000000 0.000000 0.000000
 20300.000000 0.828005 0.000000 0.000000 0.000000
 20325.000000 0.806865 0.000000 0.000000 0.000000
 20350.000000 0.787551 0.000000 0.000000 0.000000
 20375.000000 0.782897 0.000000 0.000000 0.000000
 20400.000000 0.793603 0.000000 0.000000 0.000000
 20425.000000 0.796117 0.000000 0.000000 0.000000
 20450.000000 0.782793 0.000000 0.000000 0.000000
 20475.000000 0.802928 0.000000 0.000000 0.000000
 20500.000000 0.808469 0.000000 0.019929 0.000000
 20525.000000 0.786463 0.272508 0.019929 0.252579
 20550.000000 0.793143 0.372530 0.019929 0.352601
 20575.000000 0.817846 0.447860 0.019929 0.427931
 20600.000000 0.851886 0.046511 0.019929 0.026582
 20625.000000 0.872010 0.002254 0.019929 -0.017675
 20650.000000 0.832545 0.241780 0.019929 0.221851
 20675.000000 0.809253 0.499616 0.019929 0.479686
 20700.000000 0.831433 0.258178 0.019929 0.238249
 20725.000000 0.821353 0.406138 0.019929 0.386209
 20750.000000 0.769017 0.070619 0.019929 0.050690
 20775.000000 0.771481 0.089627 0.019929 0.069698
 20800.000000 0.783804 0.233209 0.019929 0.213279
 20825.000000 0.787229 0.284057 0.019929 0.264128
 20850.000000 0.815295 0.471657 0.019929 0.451728
 20875.000000 0.798326 0.439544 0.019929 0.419615
 20900.000000 0.784320 0.240701 0.019929 0.220772
 20925.000000 0.814593 0.477057 0.019929 0.457128
 20950.000000 0.801457 0.470137 0.019929 0.450208
 20975.000000 0.799789 0.454971 0.019929 0.435042
 21000.000000 0.788055 0.296586 0.041023 0.276657
 21025.000000 0.785479 0.752987 0.041023 0.711964
 21050.000000 0.793792 0.860907 0.041023 0.819883
 21075.000000 0.759227 0.199297 0.041023 0.158274
 21100.000000 0.758704 0.191171 0.041023 0.150147
 21125.000000 0.795715 0.871774 0.041023 0.830751
 21150.000000 0.812249 0.730862 0.041023 0.689839
 21175.000000 0.840175 0.157423 0.041023 0.116399
 21200.000000 0.839185 0.171164 0.041023 0.130141
 21225.000000 0.829325 0.348434 0.041023 0.307411
 21250.000000 0.805064 0.840301 0.041023 0.799278
 21275.000000 0.773058 0.480246 0.041023 0.439223
 21300.000000 0.795340 0.870112 0.041023 0.829089
 21325.000000 0.801740 0.867341 0.041023 0.826318
 21350.000000 0.829912 0.336024 0.041023 0.295001
 21375.000000 0.801207 0.870090 0.041023 0.829067
 21400.000000 0.795734 0.871855 0.041023 0.830831
 21425.000000 0.753877 0.126313 0.041023 0.085289
 21450.000000 0.726788 0.003621 0.041023 -0.037402
 21475.000000 0.769253 0.392938 0.041023 0.351915
 21500.000000 0.740328 0.028597 0.061236 -0.012427
 21525.000000 0.789616 0.841175 0.061236 0.779939
 21550.000000 0.755916 0.520231 0.061236 0.458995
 21575.000000 0.785688 0.794031 0.061236 0.732795
 21600.000000 0.800225 0.878657 0.061236 0.817421
 21625.000000 0.798352 0.883546 0.061236 0.822310
 21650.000000 0.791682 0.860007 0.061236 0.798770
 21675.000000 0.782993 0.755673 0.061236 0.694437
 21700.000000 0.778928 0.694001 0.061236 0.632765
 21725.000000 0.788913 0.833737 0.061236 0.772500
 21750.000000 0.785446 0.790747 0.061236 0.729510
 21775.000000 0.767587 0.553338 0.061236 0.492101
 21800.000000 0.799211 0.881954 0.061236 0.820718
 21825.000000 0.807319 0.813688 0.061236 0.752451
 21850.000000 0.821973 0.515690 0.061236 0.454454
 21875.000000 0.819906 0.564247 0.061236 0.503011
 21900.000000 0.818322 0.600979 0.061236 0.539743
 21925.000000 0.787505 0.817441 0.061236 0.756205
 21950.000000 0.796173 0.882690 0.061236 0.821454
 21975.000000 0.785368 0.789682 0.061236 0.728445
 22000.000000 0.786781 0.808405 0.084247 0.747168
 22025.000000 0.779380 1.166050 0.084247 1.081803
 22050.000000 0.781189 1.207585 0.084247 1.123338
 22075.000000 0.766005 0.831914 0.084247 0.747666
 22100.000000 0.770426 0.936164 0.084247 0.851917
 22125.000000 0.745534 0.595628 0.084247 0.511380
 22150.000000 0.747712 0.608490 0.084247 0.524243
 22175.000000 0.784416 1.271083 0.084247 1.186836
 22200.000000 0.728220 0.426684 0.084247 0.342437
 22225.000000 0.747963 0.609985 0.084247 0.525738
 22250.000000 0.763849 0.787775 0.084247 0.703528
 22275.000000 0.752155 0.637627 0.084247 0.553380
 22300.000000 0.743869 0.585513 0.084247 0.501266
 22325.000000 0.735679 0.519950 0.084247 0.435703
 22350.000000 0.741345 0.568711 0.084247 0.484464
 22375.000000 0.710182 0.159874 0.084247 0.075627
 22400.000000 0.732070 0.478864 0.084247 0.394616
 22425.000000 0.738544 0.546754 0.084247 0.462506
 22450.000000 0.742397 0.575991 0.084247 0.491743
 22475.000000 0.713383 0.201145 0.084247 0.116897
 22500.000000 0.717296 0.257361 0.105107 0.173113
 22525.000000 0.773635 1.027710 0.105107 0.922603
 22550.000000 0.801079 1.260332 0.105107 1.155225
 22575.000000 0.790132 1.337558 0.105107 1.232451
 22600.000000 0.791818 1.343693 0.105107 1.238587
 22625.000000 0.792999 1.344051 0.105107 1.238945
 22650.000000 0.775228 1.067624 0.105107 0.962517
 22675.000000 0.752785 0.745181 0.105107 0.640075
 22700.000000 0.770353 0.948195 0.105107 0.843088
 22725.000000 0.773946 1.035491 0.105107 0.930384
 22750.000000 0.762818 0.805091 0.105107 0.699984
 22775.000000 0.728479 0.857439 0.105107 0.752332
 22800.000000 0.740646 0.815759 0.105107 0.710652
 22825.000000 0.777828 1.132155 0.105107 1.027048
 22850.000000 0.783732 1.260011 0.105107 1.154905
 22875.000000 0.787724 1.317777 0.105107 1.212670
 22900.000000 0.763267 0.811442 0.105107 0.706335
 22925.000000 0.769589 0.930723 0.105107 0.825616
 22950.000000 0.772413 0.997468 0.105107 0.892362
 22975.000000 0.773669 1.028552 0.105107 0.923445
 23000.000000 0.788023 1.320873 0.129856 1.215766
 23025.000000 0.800020 1.694483 0.129856 1.564627
 23050.000000 0.817345 0.946624 0.129856 0.816768
 23075.000000 0.804850 1.523879 0.129856 1.394023
 23100.000000 0.812985 1.154686 0.129856 1.024830
 23125.000000 0.802107 1.627370 0.129856 1.497514
 23150.000000 0.791856 1.831754 0.129856 1.701898
 23175.000000 0.794616 1.809946 0.129856 1.680090
 23200.000000 0.789140 1.827175 0.129856 1.697319
 23225.000000 0.796423 1.781589 0.129856 1.651733
 23250.000000 0.839982 0.189680 0.129856 0.059824
 23275.000000 0.806427 1.458006 0.129856 1.328150
 23300.000000 0.790234 1.832143 0.129856 1.702287
 23325.000000 0.775566 1.485340 0.129856 1.355484
 23350.000000 0.761441 0.992484 0.129856 0.862628
 23375.000000 0.783370 1.737148 0.129856 1.607292
 23400.000000 0.819109 0.864863 0.129856 0.735007
 23425.000000 0.812312 1.186947 0.129856 1.057091
 23450.000000 0.804008 1.557259 0.129856 1.427403
 23475.000000 0.808575 1.362559 0.129856 1.232703
 23500.000000 0.810486 1.273737 0.154931 1.143881
 23525.000000 0.766992 1.207005 0.154931 1.052074
 23550.000000 0.774052 1.521201 0.154931 1.366270
 23575.000000 0.786622 2.044141 0.154931 1.889210
 23600.000000 0.772676 1.456427 0.154931 1.301496
 23625.000000 0.777913 1.702844 0.154931 1.547914
 23650.000000 0.754316 0.872786 0.154931 0.717856
 23675.000000 0.785703 2.016117 0.154931 1.861186
 23700.000000 0.776906 1.655983 0.154931 1.501052
 23725.000000 0.771786 1.415074 0.154931 1.260143
 23750.000000 0.761425 1.015709 0.154931 0.860778
 23775.000000 0.794389 2.172077 0.154931 2.017146
 23800.000000 0.816636 1.454229 0.154931 1.299298
 23825.000000 0.813978 1.596663 0.154931 1.441733
 23850.000000 0.792772 2.163000 0.154931 2.008069
 23875.000000 0.813835 1.604125 0.154931 1.449194
 23900.000000 0.819739 1.282843 0.154931 1.127912
 23925.000000 0.783502 1.939821 0.154931 1.784890
 23950.000000 0.755024 0.881942 0.154931 0.727011
 23975.000000 0.772591 1.452481 0.154931 1.297550
 24000.000000 0.783477 1.938883 0.182754 1.783952
 24025.000000 0.768753 1.657640 0.182754 1.474886
 24050.000000 0.754991 1.060652 0.182754 0.877899
 24075.000000 0.775665 2.056782 0.182754 1.874029
 24100.000000 0.806529 2.195757 0.182754 2.013004
 24125.000000 0.821719 1.252088 0.182754 1.069334
 24150.000000 0.807114 2.164289 0.182754 1.981536
 24175.000000 0.797332 2.553318 0.182754 2.370564
 24200.000000 0.821813 1.246222 0.182754 1.063469
 24225.000000 0.812994 1.813720 0.182754 1.630966
 24250.000000 0.792438 2.608172 0.182754 2.425419
 24275.000000 0.785604 2.505841 0.182754 2.323087
 24300.000000 0.775036 2.021168 0.182754 1.838415
 24325.000000 0.738714 0.891747 0.182754 0.708994
 24350.000000 0.767271 1.574924 0.182754 1.392170
 24375.000000 0.788592 2.575482 0.182754 2.392728
 24400.000000 0.786127 2.520692 0.182754 2.337938
 24425.000000 0.788886 2.580321 0.182754 2.397567
 24450.000000 0.808400 2.092512 0.182754 1.909758
 24475.000000 0.806325 2.206519 0.182754 2.023765
 24500.000000 0.762918 1.352366 0.209823 1.169612
 24525.000000 0.759180 1.682871 0.209823 1.473048
 24550.000000 0.763170 1.861183 0.209823 1.651360
 24575.000000 0.781252 2.669320 0.209823 2.459497
 24600.000000 0.832230 0.667809 0.209823 0.457986
 24625.000000 0.829404 0.808069 0.209823 0.598246
 24650.000000 0.824524 1.083580 0.209823 0.873757
 24675.000000 0.792903 2.768451 0.209823 2.558627
 24700.000000 0.771037 2.246718 0.209823 2.036895
 24725.000000 0.760802 1.752955 0.209823 1.543132
 24750.000000 0.772005 2.293724 0.209823 2.083900
 24775.000000 0.769471 2.169532 0.209823 1.959709
 24800.000000 0.783685 2.731773 0.209823 2.521950
 24825.000000 0.770123 2.201790 0.209823 1.991966
 24850.000000 0.800891 2.530994 0.209823 2.321171
 24875.000000 0.770034 2.197372 0.209823 1.987549
 24900.000000 0.731297 1.024945 0.209823 0.815122
 24925.000000 0.725499 0.939822 0.209823 0.729999
 24950.000000 0.702149 0.458646 0.209823 0.248823
 24975.000000 0.719847 0.843072 0.209823 0.633248
 25000.000000 0.740412 1.157247 0.235157 0.947424
 25025.000000 0.745254 1.730686 0.235157 1.495529
 25050.000000 0.757625 1.962402 0.235157 1.727245
 25075.000000 0.792248 2.793440 0.235157 2.558283
 25100.000000 0.784481 2.790850 0.235157 2.555693
 25125.000000 0.784375 2.789349 0.235157 2.554192
 25150.000000 0.780550 2.713352 0.235157 2.478195
 25175.000000 0.767563 2.272083 0.235157 2.036926
 25200.000000 0.752290 1.846754 0.235157 1.611597
 25225.000000 0.744271 1.715650 0.235157 1.480493
 25250.000000 0.772396 2.450295 0.235157 2.215138
 25275.000000 0.782282 2.752866 0.235157 2.517709
 25300.000000 0.770103 2.365414 0.235157 2.130256
 25325.000000 0.771357 2.411910 0.235157 2.176753
 25350.000000 0.751964 1.840696 0.235157 1.605539
 25375.000000 0.739462 1.638717 0.235157 1.403560
 25400.000000 0.765084 2.184619 0.235157 1.949462
 25425.000000 0.769338 2.337077 0.235157 2.101920
 25450.000000 0.745379 1.732607 0.235157 1.497450
 25475.000000 0.746235 1.745723 0.235157 1.510566
 25500.000000 0.727017 1.360478 0.260426 1.125321
 25525.000000 0.743479 2.057372 0.260426 1.796945
 25550.000000 0.750913 2.064671 0.260426 1.804245
 25575.000000 0.766062 2.291633 0.260426 2.031207
 25600.000000 0.763326 2.220955 0.260426 1.960528
 25625.000000 0.745202 2.058271 0.260426 1.797844
 25650.000000 0.718603 1.548364 0.260426 1.287938
 25675.000000 0.732215 1.975415 0.260426 1.714989
 25700.000000 0.716656 1.460796 0.260426 1.200369
 25725.000000 0.751347 2.066081 0.260426 1.805654
 25750.000000 0.757442 2.113451 0.260426 1.853024
 25775.000000 0.759914 2.150754 0.260426 1.890328
 25800.000000 0.769666 2.399515 0.260426 2.139089
 25825.000000 0.725923 1.825068 0.260426 1.564642
 25850.000000 0.732234 1.975738 0.260426 1.715312
 25875.000000 0.720552 1.631123 0.260426 1.370696
 25900.000000 0.731770 1.967629 0.260426 1.707203
 25925.000000 0.738263 2.042054 0.260426 1.781627
 25950.000000 0.774676 2.560624 0.260426 2.300198
 25975.000000 0.777061 2.633674 0.260426 2.373247
 26000.000000 0.756807 2.105690 0.291138 1.845263
 26025.000000 0.786074 2.983377 0.291138 2.692239
 26050.000000 0.816689 1.592566 0.291138 1.301428
 26075.000000 0.768928 2.788454 0.291138 2.497316
 26100.000000 0.744968 2.473766 0.291138 2.182627
 26125.000000 0.768543 2.781346 0.291138 2.490208
 26150.000000 0.757134 2.604857 0.291138 2.313719
 26175.000000 0.774420 2.888276 0.291138 2.597138
 26200.000000 0.756928 2.602431 0.291138 2.311293
 26225.000000 0.768314 2.777133 0.291138 2.485995
 26250.000000 0.783169 2.985861 0.291138 2.694723
 26275.000000 0.758896 2.626633 0.291138 2.335495
 26300.000000 0.777671 2.938386 0.291138 2.647247
 26325.000000 0.790012 2.941998 0.291138 2.650860
 26350.000000 0.761726 2.665922 0.291138 2.374784
 26375.000000 0.753225 2.562194 0.291138 2.271056
 26400.000000 0.759445 2.633821 0.291138 2.342683
 26425.000000 0.766355 2.741727 0.291138 2.450589
 26450.000000 0.794762 2.827703 0.291138 2.536564
 26475.000000 0.798729 2.678306 0.291138 2.387168
 26500.000000 0.797144 2.743561 0.322983 2.452423
 26525.000000 0.786283 3.408391 0.322983 3.085408
 26550.000000 0.807462 2.638191 0.322983 2.315208
 26575.000000 0.792564 3.370676 0.322983 3.047692
 26600.000000 0.776677 3.216528 0.322983 2.893545
 26625.000000 0.764775 2.847011 0.322983 2.524028
 26650.000000 0.736728 2.334463 0.322983 2.011480
 26675.000000 0.763206 2.805014 0.322983 2.482031
 26700.000000 0.800896 3.062942 0.322983 2.739958
 26725.000000 0.827329 1.077895 0.322983 0.754912
 26750.000000 0.819380 1.677831 0.322983 1.354848
 26775.000000 0.845105 0.254556 0.322983 -0.068427
 26800.000000 0.818816 1.723655 0.322983 1.400672
 26825.000000 0.811110 2.356108 0.322983 2.033124
 26850.000000 0.835080 0.623367 0.322983 0.300384
 26875.000000 0.801496 3.029959 0.322983 2.706975
 26900.000000 0.788318 3.413384 0.322983 3.090401
 26925.000000 0.805704 2.764320 0.322983 2.441337
 26950.000000 0.796355 3.266901 0.322983 2.943917
 26975.000000 0.783105 3.371522 0.322983 3.048538
 27000.000000 0.781607 3.343555 0.358848 3.020572
 27025.000000 0.802252 3.275317 0.358848 2.916469
 27050.000000 0.829402 0.969395 0.358848 0.610547
 27075.000000 0.815931 2.073484 0.358848 1.714636
 27100.000000 0.837353 0.528014 0.358848 0.169166
 27125.000000 0.826465 1.176508 0.358848 0.817660
 27150.000000 0.814287 2.226232 0.358848 1.867384
 27175.000000 0.796876 3.615593 0.358848 3.256745
 27200.000000 0.802907 3.226230 0.358848 2.867383
 27225.000000 0.795532 3.681076 0.358848 3.322228
 27250.000000 0.794601 3.721388 0.358848 3.362540
 27275.000000 0.847513 0.199426 0.358848 -0.159422
 27300.000000 0.825663 1.237000 0.358848 0.878152
 27325.000000 0.848800 0.173140 0.358848 -0.185708
 27350.000000 0.826276 1.190557 0.358848 0.831709
 27375.000000 0.844346 0.277285 0.358848 -0.081563
 27400.000000 0.823696 1.391833 0.358848 1.032986
 27425.000000 0.828788 1.010740 0.358848 0.651892
 27450.000000 0.833383 0.726280 0.358848 0.367432
 27475.000000 0.824662 1.314661 0.358848 0.955814
 27500.000000 0.812926 2.353035 0.390197 1.994187
 27525.000000 0.817553 2.406113 0.390197 2.015917
 27550.000000 0.817011 2.458548 0.390197 2.068352
 27575.000000 0.815443 2.609597 0.390197 2.219400
 27600.000000 0.776665 3.788760 0.390197 3.398563
 27625.000000 0.781423 3.974716 0.390197 3.584519
 27650.000000 0.785296 4.074736 0.390197 3.684540
 27675.000000 0.781305 3.970842 0.390197 3.580645
 27700.000000 0.790322 4.111368 0.390197 3.721171
 27725.000000 0.796383 3.991763 0.390197 3.601567
 27750.000000 0.769672 3.452897 0.390197 3.062701
 27775.000000 0.746776 2.623735 0.390197 2.233538
 27800.000000 0.768484 3.394581 0.390197 3.004384
 27825.000000 0.792061 4.096041 0.390197 3.705844
 27850.000000 0.822789 1.904252 0.390197 1.514055
 27875.000000 0.829483 1.314951 0.390197 0.924754
 27900.000000 0.829487 1.314641 0.390197 0.924444
 27925.000000 0.792965 4.082065 0.390197 3.691869
 27950.000000 0.772878 3.610933 0.390197 3.220736
 27975.000000 0.755876 2.870635 0.390197 2.480438
 28000.000000 0.796677 3.981252 0.428924 3.591055
 28025.000000 0.799679 4.335681 0.428924 3.906757
 28050.000000 0.827172 1.661191 0.428924 1.232268
 28075.000000 0.833306 1.115639 0.428924 0.686715
 28100.000000 0.835787 0.929902 0.428924 0.500978
 28125.000000 0.799400 4.350666 0.428924 3.921742
 28150.000000 0.738145 2.418388 0.428924 1.989465
 28175.000000 0.762624 3.238380 0.428924 2.809457
 28200.000000 0.751876 2.791153 0.428924 2.362230
 28225.000000 0.758243 3.028095 0.428924 2.599171
 28250.000000 0.760955 3.153536 0.428924 2.724612
 28275.000000 0.737277 2.393777 0.428924 1.964853
 28300.000000 0.783013 4.411168 0.428924 3.982244
 28325.000000 0.812584 3.237307 0.428924 2.808384
 28350.000000 0.801887 4.201506 0.428924 3.772582
 28375.000000 0.792855 4.566278 0.428924 4.137354
 28400.000000 0.784410 4.463635 0.428924 4.034711
 28425.000000 0.809973 3.508893 0.428924 3.079969
 28450.000000 0.761104 3.160876 0.428924 2.731952
 28475.000000 0.762252 3.218979 0.428924 2.790055
 28500.000000 0.721900 1.796879 0.455803 1.367956
 28525.000000 0.698690 0.878012 0.455803 0.422209
 28550.000000 0.702333 1.092941 0.455803 0.637138
 28575.000000 0.734534 2.716993 0.455803 2.261190
 28600.000000 0.752175 2.957787 0.455803 2.501985
 28625.000000 0.741871 2.818833 0.455803 2.363030
 28650.000000 0.745887 2.862468 0.455803 2.406665
 28675.000000 0.740949 2.808789 0.455803 2.352987
 28700.000000 0.755112 3.026385 0.455803 2.570582
 28725.000000 0.749447 2.909567 0.455803 2.453764
 28750.000000 0.801777 4.208772 0.455803 3.752969
 28775.000000 0.795383 4.514455 0.455803 4.058652
 28800.000000 0.806097 3.875240 0.455803 3.419437
 28825.000000 0.818248 2.612974 0.455803 2.157172
 28850.000000 0.804274 4.026949 0.455803 3.571146
 28875.000000 0.788863 4.568564 0.455803 4.112761
 28900.000000 0.752916 2.973308 0.455803 2.517505
 28925.000000 0.701592 1.047699 0.455803 0.591896
 28950.000000 0.698381 0.860775 0.455803 0.404973
 28975.000000 0.701626 1.049735 0.455803 0.593932
 29000.000000 0.745595 2.859115 0.490369 2.403312
 29025.000000 0.753948 3.449216 0.490369 2.958847
 29050.000000 0.755328 3.470639 0.490369 2.980271
 29075.000000 0.750919 3.410383 0.490369 2.920015
 29100.000000 0.781524 4.448815 0.490369 3.958447
 29125.000000 0.787895 4.607023 0.490369 4.116654
 29150.000000 0.762099 3.626962 0.490369 3.136593
 29175.000000 0.730133 2.978701 0.490369 2.488333
 29200.000000 0.701157 1.062417 0.490369 0.572049
 29225.000000 0.692300 0.571582 0.490369 0.081213
 29250.000000 0.688500 0.416383 0.490369 -0.073986
 29275.000000 0.699491 0.957277 0.490369 0.466909
 29300.000000 0.717789 2.260211 0.490369 1.769842
 29325.000000 0.766395 3.777429 0.490369 3.287060
 29350.000000 0.780487 4.409375 0.490369 3.919006
 29375.000000 0.766649 3.787528 0.490369 3.297159
 29400.000000 0.776758 4.248218 0.490369 3.757850
 29425.000000 0.840329 0.644272 0.490369 0.153903
 29450.000000 0.818817 2.549557 0.490369 2.059188
 29475.000000 0.815215 2.950964 0.490369 2.460595
 29500.000000 0.806430 3.849832 0.528857 3.359463
 29525.000000 0.779896 4.588957 0.528857 4.060100
 29550.000000 0.751269 3.424471 0.528857 2.895613
 29575.000000 0.760082 3.602965 0.528857 3.074107
 29600.000000 0.792592 4.986365 0.528857 4.457507
 29625.000000 0.765542 3.804415 0.528857 3.275558
 29650.000000 0.756239 3.506619 0.528857 2.977762
 29675.000000 0.752509 3.441645 0.528857 2.912788
 29700.000000 0.711138 1.772469 0.528857 1.243612
 29725.000000 0.693290 0.617687 0.528857 0.088829
 29750.000000 0.707786 1.523907 0.528857 0.995050
 29775.000000 0.685206 0.308158 0.528857 -0.220700
 29800.000000 0.710904 1.755001 0.528857 1.226143
 29825.000000 0.715194 2.073514 0.528857 1.544657
 29850.000000 0.743509 3.329828 0.528857 2.800970
 29875.000000 0.731318 3.027547 0.528857 2.498690
 29900.000000 0.747963 3.384345 0.528857 2.855488
 29925.000000 0.754845 3.479563 0.528857 2.950706
 29950.000000 0.755548 3.492732 0.528857 2.963874
 29975.000000 0.752445 3.440717 0.528857 2.911860
 30000.000000 0.723740 2.650258 0.559642 2.121400
 30025.000000 0.742815 3.633185 0.559642 3.073543
 30050.000000 0.766797 3.909444 0.559642 3.349801
 30075.000000 0.757341 3.650532 0.559642 3.090890
 30100.000000 0.772862 4.206887 0.559642 3.647245
 30125.000000 0.793180 4.984759 0.559642 4.425117
 30150.000000 0.765869 3.871836 0.559642 3.312193
 30175.000000 0.757559 3.653417 0.559642 3.093775
 30200.000000 0.760679 3.710165 0.559642 3.150522
 30225.000000 0.753816 3.620694 0.559642 3.061052
 30250.000000 0.748377 3.619995 0.559642 3.060352
 30275.000000 0.748713 3.619119 0.559642 3.059477
 30300.000000 0.775072 4.329750 0.559642 3.770108
 30325.000000 0.775960 4.379876 0.559642 3.820234
 30350.000000 0.761017 3.718093 0.559642 3.158450
 30375.000000 0.758676 3.670384 0.559642 3.110742
 30400.000000 0.791636 4.985380 0.559642 4.425737
 30425.000000 0.781124 4.661277 0.559642 4.101635
 30450.000000 0.761365 3.726657 0.559642 3.167014
 30475.000000 0.769900 4.051891 0.559642 3.492249
 30500.000000 0.766909 3.914155 0.603056 3.354512
 30525.000000 0.768054 4.454741 0.603056 3.851684
 30550.000000 0.804152 4.616685 0.603056 4.013629
 30575.000000 0.771330 4.604330 0.603056 4.001274
 30600.000000 0.795811 5.120987 0.603056 4.517930
 30625.000000 0.763968 4.288860 0.603056 3.685803
 30650.000000 0.747548 3.929529 0.603056 3.326473
 30675.000000 0.716073 2.615024 0.603056 2.011968
 30700.000000 0.749212 3.949811 0.603056 3.346755
 30725.000000 0.724481 3.238300 0.603056 2.635244
 30750.000000 0.744017 3.886619 0.603056 3.283563
 30775.000000 0.728912 3.482172 0.603056 2.879116
 30800.000000 0.763018 4.254621 0.603056 3.651565
 30825.000000 0.751993 3.987679 0.603056 3.384623
 30850.000000 0.766595 4.392342 0.603056 3.789285
 30875.000000 0.743407 3.878595 0.603056 3.275539
 30900.000000 0.744904 3.897801 0.603056 3.294744
 30925.000000 0.761956 4.218537 0.603056 3.615480
 30950.000000 0.763024 4.254856 0.603056 3.651800
 30975.000000 0.757134 4.083821 0.603056 3.480765
 31000.000000 0.755012 4.038982 0.646567 3.435926
 31025.000000 0.755156 4.532810 0.646567 3.886243
 31050.000000 0.755428 4.538098 0.646567 3.891530
 31075.000000 0.755525 4.539988 0.646567 3.893421
 31100.000000 0.803665 4.681973 0.646567 4.035405
 31125.000000 0.801424 4.859691 0.646567 4.213124
 31150.000000 0.831672 1.472224 0.646567 0.825656
 31175.000000 0.803845 4.666472 0.646567 4.019905
 31200.000000 0.775316 5.086148 0.646567 4.439580
 31225.000000 0.755873 4.546809 0.646567 3.900241
 31250.000000 0.752772 4.487701 0.646567 3.841134
 31275.000000 0.748725 4.411109 0.646567 3.764541
 31300.000000 0.753813 4.507205 0.646567 3.860637
 31325.000000 0.765586 4.778008 0.646567 4.131441
 31350.000000 0.787523 5.337577 0.646567 4.691010
 31375.000000 0.771699 4.968153 0.646567 4.321586
 31400.000000 0.762519 4.694984 0.646567 4.048416
 31425.000000 0.807492 4.320228 0.646567 3.673661
 31450.000000 0.758395 4.598544 0.646567 3.951976
 31475.000000 0.731429 3.836404 0.646567 3.189837
 31500.000000 0.744778 4.326929 0.689927 3.680362
 31525.000000 0.770787 5.148406 0.689927 4.458479
 31550.000000 0.788326 5.382354 0.689927 4.692426
 31575.000000 0.739951 4.671647 0.689927 3.981719
 31600.000000 0.742283 4.750438 0.689927 4.060511
 31625.000000 0.765290 5.059042 0.689927 4.369114
 31650.000000 0.763914 5.041488 0.689927 4.351561
 31675.000000 0.730181 4.142348 0.689927 3.452421
 31700.000000 0.746501 4.854164 0.689927 4.164236
 31725.000000 0.773010 5.191663 0.689927 4.501736
 31750.000000 0.791868 5.330134 0.689927 4.640206
 31775.000000 0.797975 5.092116 0.689927 4.402188
 31800.000000 0.815101 3.441503 0.689927 2.751576
 31825.000000 0.837528 0.958206 0.689927 0.268279
 31850.000000 0.807464 4.325792 0.689927 3.635864
 31875.000000 0.783399 5.372914 0.689927 4.682986
 31900.000000 0.803042 4.740173 0.689927 4.050246
 31925.000000 0.822966 2.452428 0.689927 1.762500
 31950.000000 0.809341 4.124499 0.689927 3.434572
 31975.000000 0.788600 5.380299 0.689927 4.690371
 32000.000000 0.797090 5.139145 0.736929 4.449218
 32025.000000 0.765684 5.206183 0.736929 4.469254
 32050.000000 0.755399 5.018149 0.736929 4.281220
 32075.000000 0.735962 4.499603 0.736929 3.762674
 32100.000000 0.689887 0.598363 0.736929 -0.138566
 32125.000000 0.733530 4.363941 0.736929 3.627012
 32150.000000 0.748018 4.904245 0.736929 4.167317
 32175.000000 0.770593 5.347394 0.736929 4.610465
 32200.000000 0.816144 3.621016 0.736929 2.884087
 32225.000000 0.838977 0.905763 0.736929 0.168834
 32250.000000 0.838537 0.939610 0.736929 0.202682
 32275.000000 0.836325 1.123336 0.736929 0.386407
 32300.000000 0.788910 5.826983 0.736929 5.090054
 32325.000000 0.826076 2.248672 0.736929 1.511743
 32350.000000 0.828380 1.959991 0.736929 1.223062
 32375.000000 0.849135 0.341954 0.736929 -0.394975
 32400.000000 0.847824 0.393318 0.736929 -0.343611
 32425.000000 0.820197 3.048722 0.736929 2.311793
 32450.000000 0.819916 3.088265 0.736929 2.351336
 32475.000000 0.834158 1.324539 0.736929 0.587610
 32500.000000 0.815426 3.721522 0.776440 2.984593
 32525.000000 0.818210 3.816494 0.776440 3.040054
 32550.000000 0.822891 3.132258 0.776440 2.355818
 32575.000000 0.820491 3.483523 0.776440 2.707083
 32600.000000 0.799796 5.828103 0.776440 5.051663
 32625.000000 0.777397 5.660373 0.776440 4.883933
 32650.000000 0.777802 5.677327 0.776440 4.900887
 32675.000000 0.808390 5.106758 0.776440 4.330317
 32700.000000 0.802894 5.624810 0.776440 4.848370
 32725.000000 0.776492 5.622348 0.776440 4.845907
 32750.000000 0.772804 5.470756 0.776440 4.694316
 32775.000000 0.796861 5.958506 0.776440 5.182066
 32800.000000 0.825735 2.723412 0.776440 1.946972
 32825.000000 0.823174 3.091163 0.776440 2.314723
 32850.000000 0.839796 1.078454 0.776440 0.302014
 32875.000000 0.847026 0.567817 0.776440 -0.208624
 32900.000000 0.848548 0.488370 0.776440 -0.288070
 32925.000000 0.837183 1.321099 0.776440 0.544659
 32950.000000 0.814290 4.370300 0.776440 3.593859
 32975.000000 0.797722 5.926440 0.776440 5.150000
 33000.000000 0.829542 2.204574 0.808705 1.428134
 33025.000000 0.785896 6.015267 0.808705 5.206562
 33050.000000 0.782583 5.897172 0.808705 5.088468
 33075.000000 0.787680 6.065212 0.808705 5.256508
 33100.000000 0.775822 5.606751 0.808705 4.798046
 33125.000000 0.776550 5.638666 0.808705 4.829961
 33150.000000 0.767495 5.284191 0.808705 4.475486
 33175.000000 0.735746 4.488365 0.808705 3.679660
 33200.000000 0.784489 5.968565 0.808705 5.159860
 33225.000000 0.780054 5.792315 0.808705 4.983611
 33250.000000 0.773303 5.499189 0.808705 4.690484
 33275.000000 0.769324 5.345629 0.808705 4.536924
 33300.000000 0.747527 4.895241 0.808705 4.086537
 33325.000000 0.751867 4.970590 0.808705 4.161885
 33350.000000 0.763146 5.163819 0.808705 4.355114
 33375.000000 0.764283 5.191810 0.808705 4.383105
 33400.000000 0.794665 6.124906 0.808705 5.316201
 33425.000000 0.826097 3.160209 0.808705 2.351504
 33450.000000 0.821972 3.727346 0.808705 2.918641
 33475.000000 0.836739 1.829518 0.808705 1.020813
 33500.000000 0.854529 0.481435 0.830313 -0.327270
 33525.000000 0.857952 0.840177 0.830313 0.009864
 33550.000000 0.834590 2.375924 0.830313 1.545611
 33575.000000 0.813532 4.892109 0.830313 4.061796
 33600.000000 0.818308 4.320964 0.830313 3.490651
 33625.000000 0.802853 5.847347 0.830313 5.017034
 33650.000000 0.811728 5.090685 0.830313 4.260372
 33675.000000 0.820372 4.061921 0.830313 3.231609
 33700.000000 0.795202 6.123825 0.830313 5.293512
 33725.000000 0.835749 2.260353 0.830313 1.430040
 33750.000000 0.802669 5.858375 0.830313 5.028062
 33775.000000 0.772161 5.452696 0.830313 4.622384
 33800.000000 0.790275 6.117460 0.830313 5.287147
 33825.000000 0.754818 5.014119 0.830313 4.183806
 33850.000000 0.762837 5.156592 0.830313 4.326279
 33875.000000 0.777994 5.702325 0.830313 4.872012
 33900.000000 0.757883 5.060797 0.830313 4.230484
 33925.000000 0.729891 4.122263 0.830313 3.291950
 33950.000000 0.720045 3.265819 0.830313 2.435506
 33975.000000 0.708714 2.099313 0.830313 1.269000
 34000.000000 0.685825 0.413500 0.850801 -0.416813
 34025.000000 0.705729 2.106072 0.850801 1.255271
 34050.000000 0.753154 4.990582 0.850801 4.139781
 34075.000000 0.779868 5.784278 0.850801 4.933477
 34100.000000 0.778666 5.731907 0.850801 4.881106
 34125.000000 0.791614 6.131854 0.850801 5.281053
 34150.000000 0.781426 5.850308 0.850801 4.999506
 34175.000000 0.759636 5.090890 0.850801 4.240088
 34200.000000 0.785295 5.996311 0.850801 5.145510
 34225.000000 0.760596 5.108994 0.850801 4.258193
 34250.000000 0.769318 5.345416 0.850801 4.494615
 34275.000000 0.739545 4.675659 0.850801 3.824857
 34300.000000 0.716969 3.102684 0.850801 2.251882
 34325.000000 0.741065 4.730199 0.850801 3.879398
 34350.000000 0.773598 5.511465 0.850801 4.660664
 34375.000000 0.793477 6.136562 0.850801 5.285761
 34400.000000 0.811779 5.085303 0.850801 4.234501
 34425.000000 0.808004 5.458449 0.850801 4.607648
 34450.000000 0.798329 6.055290 0.850801 5.204489
 34475.000000 0.790271 6.117400 0.850801 5.266599
 34500.000000 0.797476 6.079930 0.904884 5.229128
 34525.000000 0.761905 5.235135 0.904884 4.330251
 34550.000000 0.688679 1.032235 0.904884 0.127351
 34575.000000 0.725097 3.809404 0.904884 2.904520
 34600.000000 0.753942 5.046570 0.904884 4.141686
 34625.000000 0.760979 5.207870 0.904884 4.302986
 34650.000000 0.760509 5.194690 0.904884 4.289805
 34675.000000 0.776518 5.917868 0.904884 5.012984
 34700.000000 0.763841 5.298227 0.904884 4.393343
 34725.000000 0.761795 5.231811 0.904884 4.326927
 34750.000000 0.758660 5.146891 0.904884 4.242007
 34775.000000 0.766556 5.401729 0.904884 4.496845
 34800.000000 0.786261 6.442555 0.904884 5.537671
 34825.000000 0.777638 5.983777 0.904884 5.078892
 34850.000000 0.778641 6.042793 0.904884 5.137908
 34875.000000 0.787427 6.488455 0.904884 5.583571
 34900.000000 0.783043 6.289920 0.904884 5.385036
 34925.000000 0.791748 6.599817 0.904884 5.694932
 34950.000000 0.794219 6.613343 0.904884 5.708459
 34975.000000 0.769851 5.551386 0.904884 4.646502
 35000.000000 0.726626 3.929117 0.942738 3.024233
 35025.000000 0.728618 4.565993 0.942738 3.623255
 35050.000000 0.744666 5.175987 0.942738 4.233249
 35075.000000 0.730460 4.686744 0.942738 3.744007
 35100.000000 0.784726 6.380215 0.942738 5.437477
 35125.000000 0.801276 6.412506 0.942738 5.469768
 35150.000000 0.779357 6.098892 0.942738 5.156154
 35175.000000 0.770910 5.646141 0.942738 4.703403
 35200.000000 0.719059 3.749644 0.942738 2.806906
 35225.000000 0.713489 3.180465 0.942738 2.237727
 35250.000000 0.715821 3.422270 0.942738 2.479532
 35275.000000 0.650038 0.100689 0.942738 -0.842048
 35300.000000 0.616342 0.000232 0.942738 -0.942506
 35325.000000 0.665170 0.328611 0.942738 -0.614126
 35350.000000 0.689035 1.131344 0.942738 0.188606
 35375.000000 0.718382 3.682357 0.942738 2.739619
 35400.000000 0.718110 3.655179 0.942738 2.712441
 35425.000000 0.720135 3.854541 0.942738 2.911803
 35450.000000 0.729167 4.603410 0.942738 3.660672
 35475.000000 0.769583 5.586340 0.942738 4.643602
 35500.000000 0.753932 5.239269 0.994586 4.296531
 35525.000000 0.729182 4.831034 0.994586 3.836449
 35550.000000 0.746142 5.644492 0.994586 4.649906
 35575.000000 0.766248 5.861232 0.994586 4.866646
 35600.000000 0.720096 3.966857 0.994586 2.972272
 35625.000000 0.710073 2.869045 0.994586 1.874460
 35650.000000 0.687264 1.042158 0.994586 0.047573
 35675.000000 0.706004 2.443745 0.994586 1.449160
 35700.000000 0.695293 1.518963 0.994586 0.524378
 35725.000000 0.715242 3.437029 0.994586 2.442443
 35750.000000 0.699948 1.880414 0.994586 0.885829
 35775.000000 0.710530 2.918341 0.994586 1.923756
 35800.000000 0.766797 5.873335 0.994586 4.878749
 35825.000000 0.732656 5.089423 0.994586 4.094838
 35850.000000 0.754407 5.730538 0.994586 4.735952
 35875.000000 0.769390 5.940088 0.994586 4.945502
 35900.000000 0.784844 6.532974 0.994586 5.538389
 35925.000000 0.763599 5.812573 0.994586 4.817987
 35950.000000 0.772034 6.024154 0.994586 5.029569
 35975.000000 0.758419 5.755588 0.994586 4.761003
 36000.000000 0.714142 3.315221 1.029703 2.320636
 36025.000000 0.730937 5.313444 1.029703 4.283741
 36050.000000 0.686225 1.177555 1.029703 0.147853
 36075.000000 0.709423 3.278319 1.029703 2.248616
 36100.000000 0.712554 3.630740 1.029703 2.601038
 36125.000000 0.714876 3.888839 1.029703 2.859137
 36150.000000 0.708966 3.226961 1.029703 2.197258
 36175.000000 0.694361 1.756157 1.029703 0.726455
 36200.000000 0.708985 3.229067 1.029703 2.199364
 36225.000000 0.699347 2.204581 1.029703 1.174878
 36250.000000 0.689540 1.390873 1.029703 0.361170
 36275.000000 0.700463 2.314106 1.029703 1.284403
 36300.000000 0.730194 5.267889 1.029703 4.238187
 36325.000000 0.744826 5.769355 1.029703 4.739652
 36350.000000 0.752774 5.795819 1.029703 4.766117
 36375.000000 0.730734 5.301237 1.029703 4.271534
 36400.000000 0.772751 6.055308 1.029703 5.025605
 36425.000000 0.733467 5.451338 1.029703 4.421636
 36450.000000 0.703929 2.672209 1.029703 1.642506
 36475.000000 0.680549 0.876911 1.029703 -0.152792
 36500.000000 0.676265 0.694069 1.050141 -0.335634
 36525.000000 0.668550 0.902010 1.050141 -0.148130
 36550.000000 0.674687 1.131574 1.050141 0.081433
 36575.000000 0.694209 2.076594 1.050141 1.026453
 36600.000000 0.735211 5.536323 1.050141 4.486182
 36625.000000 0.748529 5.792718 1.050141 4.742578
 36650.000000 0.771018 5.997730 1.050141 4.947590
 36675.000000 0.736139 5.572794 1.050141 4.522654
 36700.000000 0.727904 5.129877 1.050141 4.079737
 36725.000000 0.741670 5.725607 1.050141 4.675466
 36750.000000 0.711334 3.599953 1.050141 2.549812
 36775.000000 0.689731 1.801239 1.050141 0.751098
 36800.000000 0.742744 5.743667 1.050141 4.693526
 36825.000000 0.766157 5.875132 1.050141 4.824991
 36850.000000 0.746679 5.784465 1.050141 4.734324
 36875.000000 0.716900 4.170413 1.050141 3.120272
 36900.000000 0.692517 1.966364 1.050141 0.916223
 36925.000000 0.709984 3.461117 1.050141 2.410976
 36950.000000 0.731539 5.358687 1.050141 4.308547
 36975.000000 0.718157 4.295267 1.050141 3.245127
 37000.000000 0.734909 5.523771 1.099319 4.473630
 37025.000000 0.725266 5.367207 1.099319 4.267888
 37050.000000 0.738040 6.119274 1.099319 5.019954
 37075.000000 0.734494 5.993613 1.099319 4.894293
 37100.000000 0.701989 2.811263 1.099319 1.711943
 37125.000000 0.703210 2.934737 1.099319 1.835417
 37150.000000 0.693086 2.056499 1.099319 0.957179
 37175.000000 0.680936 1.392016 1.099319 0.292696
 37200.000000 0.694545 2.162220 1.099319 1.062900
 37225.000000 0.700945 2.709193 1.099319 1.609874
 37250.000000 0.733787 5.960920 1.099319 4.861600
 37275.000000 0.741856 6.188179 1.099319 5.088859
 37300.000000 0.714086 4.167508 1.099319 3.068188
 37325.000000 0.691223 1.931359 1.099319 0.832039
 37350.000000 0.686936 1.679600 1.099319 0.580281
 37375.000000 0.674155 1.115194 1.099319 0.015874
 37400.000000 0.662453 0.683642 1.099319 -0.415678
 37425.000000 0.696602 2.322928 1.099319 1.223608
 37450.000000 0.703277 2.941682 1.099319 1.842362
 37475.000000 0.678207 1.276789 1.099319 0.177469
 37500.000000 0.663576 0.722909 1.118533 -0.376410
 37525.000000 0.678178 1.657177 1.118533 0.538644
 37550.000000 0.708423 3.544071 1.118533 2.425538
 37575.000000 0.733393 5.941750 1.118533 4.823218
 37600.000000 0.709930 3.711824 1.118533 2.593291
 37625.000000 0.702975 2.981437 1.118533 1.862904
 37650.000000 0.694923 2.335883 1.118533 1.217350
 37675.000000 0.724849 5.333197 1.118533 4.214664
 37700.000000 0.755355 6.083059 1.118533 4.964526
 37725.000000 0.739513 6.153521 1.118533 5.034988
 37750.000000 0.709696 3.685454 1.118533 2.566921
 37775.000000 0.698133 2.563218 1.118533 1.444685
 37800.000000 0.731007 5.807816 1.118533 4.689283
 37825.000000 0.695546 2.376859 1.118533 1.258326
 37850.000000 0.658116 1.018914 1.118533 -0.099619
 37875.000000 0.690567 2.089642 1.118533 0.971109
 37900.000000 0.730213 5.756773 1.118533 4.638240
 37925.000000 0.733891 5.965982 1.118533 4.847449
 37950.000000 0.721062 4.963094 1.118533 3.844561
 37975.000000 0.679366 1.689609 1.118533 0.571077
 38000.000000 0.720304 4.883336 1.163076 3.764804
 38025.000000 0.719293 5.263208 1.163076 4.100132
 38050.000000 0.707046 3.787035 1.163076 2.623959
 38075.000000 0.709353 4.068103 1.163076 2.905027
 38100.000000 0.719205 5.253428 1.163076 4.090352
 38125.000000 0.698080 2.822515 1.163076 1.659439
 38150.000000 0.685342 1.977640 1.163076 0.814564
 38175.000000 0.688773 2.147220 1.163076 0.984144
 38200.000000 0.690678 2.257787 1.163076 1.094711
 38225.000000 0.665650 1.303486 1.163076 0.140410
 38250.000000 0.670250 1.458161 1.163076 0.295085
 38275.000000 0.685543 1.986613 1.163076 0.823537
 38300.000000 0.697227 2.745881 1.163076 1.582805
 38325.000000 0.676384 1.651812 1.163076 0.488736
 38350.000000 0.660440 1.111823 1.163076 -0.051253
 38375.000000 0.653826 0.853962 1.163076 -0.309114
 38400.000000 0.646475 0.581118 1.163076 -0.581958
 38425.000000 0.625225 0.100853 1.163076 -1.062223
 38450.000000 0.629841 0.161216 1.163076 -1.001860
 38475.000000 0.640329 0.388235 1.163076 -0.774840
 38500.000000 0.658866 1.051099 1.182946 -0.111977
 38525.000000 0.671704 1.909604 1.182946 0.726658
 38550.000000 0.660973 1.627052 1.182946 0.444106
 38575.000000 0.680268 2.060167 1.182946 0.877221
 38600.000000 0.708803 4.021585 1.182946 2.838639
 38625.000000 0.720588 5.405915 1.182946 4.222969
 38650.000000 0.689680 2.349486 1.182946 1.166540
 38675.000000 0.691814 2.457419 1.182946 1.274473
 38700.000000 0.699917 3.057347 1.182946 1.874401
 38725.000000 0.701362 3.195733 1.182946 2.012788
 38750.000000 0.670213 1.880482 1.182946 0.697536
 38775.000000 0.669184 1.858923 1.182946 0.675977
 38800.000000 0.642555 0.809938 1.182946 -0.373008
 38825.000000 0.645269 0.934988 1.182946 -0.247958
 38850.000000 0.667489 1.820386 1.182946 0.637440
 38875.000000 0.667465 1.819821 1.182946 0.636875
 38900.000000 0.665378 1.765804 1.182946 0.582858
 38925.000000 0.693579 2.561964 1.182946 1.379018
 38950.000000 0.715896 4.879732 1.182946 3.696786
 38975.000000 0.697962 2.884615 1.182946 1.701669
 39000.000000 0.704506 3.524780 1.220533 2.341835
 39025.000000 0.701745 3.721367 1.220533 2.500834
 39050.000000 0.701297 3.675186 1.220533 2.454654
 39075.000000 0.685988 2.525020 1.220533 1.304488
 39100.000000 0.689615 2.719303 1.220533 1.498771
 39125.000000 0.667377 1.904775 1.220533 0.684242
 39150.000000 0.666504 1.876011 1.220533 0.655479
 39175.000000 0.682475 2.375238 1.220533 1.154705
 39200.000000 0.651070 1.222146 1.220533 0.001613
 39225.000000 0.663412 1.766860 1.220533 0.546328
 39250.000000 0.679788 2.279696 1.220533 1.059163
 39275.000000 0.691857 2.862582 1.220533 1.642050
 39300.000000 0.760348 6.096204 1.220533 4.875671
 39325.000000 0.743313 6.524529 1.220533 5.303996
 39350.000000 0.729575 6.376581 1.220533 5.156048
 39375.000000 0.703067 3.860672 1.220533 2.640140
 39400.000000 0.702628 3.813903 1.220533 2.593370
 39425.000000 0.633224 0.438205 1.220533 -0.782327
 39450.000000 0.640306 0.712725 1.220533 -0.507807
 39475.000000 0.642947 0.831037 1.220533 -0.389495
 39500.000000 0.698079 3.361841 1.256744 2.141308
 39525.000000 0.739615 6.622964 1.256744 5.366220
 39550.000000 0.752013 6.313364 1.256744 5.056620
 39575.000000 0.743701 6.553191 1.256744 5.296447
 39600.000000 0.732097 6.588325 1.256744 5.331581
 39625.000000 0.690263 3.215056 1.256744 1.958312
 39650.000000 0.692526 3.382910 1.256744 2.126166
 39675.000000 0.714884 5.535154 1.256744 4.278410
 39700.000000 0.709240 4.974113 1.256744 3.717370
 39725.000000 0.705741 4.611862 1.256744 3.355118
 39750.000000 0.679628 2.595884 1.256744 1.339140
 39775.000000 0.675821 2.421210 1.256744 1.164466
 39800.000000 0.662439 1.829949 1.256744 0.573205
 39825.000000 0.675683 2.415100 1.256744 1.158356
 39850.000000 0.676779 2.463903 1.256744 1.207159
 39875.000000 0.683065 2.769533 1.256744 1.512789
 39900.000000 0.680130 2.620112 1.256744 1.363368
 39925.000000 0.676328 2.443703 1.256744 1.186959
 39950.000000 0.697631 3.813364 1.256744 2.556620
 39975.000000 0.702494 4.280376 1.256744 3.023632
 40000.000000 0.743338 6.561270 1.316387 5.304527
 40025.000000 0.729077 6.877340 1.316387 5.560953
 40050.000000 0.730378 6.937535 1.316387 5.621148
 40075.000000 0.730932 6.960369 1.316387 5.643982
 40100.000000 0.728043 6.823081 1.316387 5.506694
 40125.000000 0.689413 3.167484 1.316387 1.851097
 40150.000000 0.687356 3.028330 1.316387 1.711943
 40175.000000 0.688402 3.097648 1.316387 1.781261
 40200.000000 0.679196 2.577196 1.316387 1.260808
 40225.000000 0.665653 1.978763 1.316387 0.662376
 40250.000000 0.651362 1.267680 1.316387 -0.048707
 40275.000000 0.666182 2.002588 1.316387 0.686200
 40300.000000 0.666885 2.033953 1.316387 0.717565
 40325.000000 0.671342 2.227499 1.316387 0.911112
 40350.000000 0.712887 5.494414 1.316387 4.178027
 40375.000000 0.696948 3.783920 1.316387 2.467533
 40400.000000 0.701185 4.202173 1.316387 2.885786
 40425.000000 0.694257 3.544112 1.316387 2.227725
 40450.000000 0.685701 2.924755 1.316387 1.608368
 40475.000000 0.702088 4.296815 1.316387 2.980428
 40500.000000 0.701036 4.186774 1.357737 2.870387
 40525.000000 0.705694 5.166398 1.357737 3.808661
 40550.000000 0.739739 7.174029 1.357737 5.816291
 40575.000000 0.760769 6.428940 1.357737 5.071203
 40600.000000 0.757512 6.542803 1.357737 5.185066
 40625.000000 0.755729 6.614343 1.357737 5.256606
 40650.000000 0.747377 6.964576 1.357737 5.606839
 40675.000000 0.715606 6.163657 1.357737 4.805920
 40700.000000 0.698922 4.461091 1.357737 3.103354
 40725.000000 0.717991 6.373307 1.357737 5.015570
 40750.000000 0.697707 4.339323 1.357737 2.981585
 40775.000000 0.714915 6.099913 1.357737 4.742176
 40800.000000 0.694481 4.028269 1.357737 2.670532
 40825.000000 0.674721 2.579233 1.357737 1.221496
 40850.000000 0.687008 3.389427 1.357737 2.031690
 40875.000000 0.686525 3.352373 1.357737 1.994636
 40900.000000 0.670825 2.361456 1.357737 1.003719
 40925.000000 0.677088 2.718042 1.357737 1.360305
 40950.000000 0.701190 4.693475 1.357737 3.335738
 40975.000000 0.678081 2.778104 1.357737 1.420367
 41000.000000 0.696624 4.232737 1.398750 2.875000
 41025.000000 0.691160 4.202109 1.398750 2.803359
 41050.000000 0.738544 7.241558 1.398750 5.842808
 41075.000000 0.743078 7.137592 1.398750 5.738841
 41100.000000 0.713852 6.337691 1.398750 4.938941
 41125.000000 0.690347 4.127003 1.398750 2.728253
 41150.000000 0.696119 4.674256 1.398750 3.275505
 41175.000000 0.664657 2.162514 1.398750 0.763764
 41200.000000 0.639212 0.681648 1.398750 -0.717102
 41225.000000 0.660833 1.915189 1.398750 0.516438
 41250.000000 0.654572 1.520703 1.398750 0.121952
 41275.000000 0.656337 1.630074 1.398750 0.231324
 41300.000000 0.658859 1.789203 1.398750 0.390452
 41325.000000 0.679834 3.232021 1.398750 1.833271
 41350.000000 0.703431 5.390633 1.398750 3.991883
 41375.000000 0.667790 2.369354 1.398750 0.970604
 41400.000000 0.692350 4.313313 1.398750 2.914563
 41425.000000 0.713552 6.313224 1.398750 4.914473
 41450.000000 0.699040 4.960080 1.398750 3.561329
 41475.000000 0.696012 4.663878 1.398750 3.265128
 41500.000000 0.710784 6.077816 1.452562 4.679066
 41525.000000 0.704235 5.929830 1.452562 4.477268
 41550.000000 0.672836 2.793679 1.452562 1.341116
 41575.000000 0.686477 4.012014 1.452562 2.559451
 41600.000000 0.694895 4.910580 1.452562 3.458018
 41625.000000 0.689662 4.342398 1.452562 2.889835
 41650.000000 0.688940 4.266283 1.452562 2.813720
 41675.000000 0.696772 5.118379 1.452562 3.665817
 41700.000000 0.702735 5.771448 1.452562 4.318886
 41725.000000 0.697447 5.193202 1.452562 3.740640
 41750.000000 0.699886 5.462638 1.452562 4.010076
 41775.000000 0.677468 3.171506 1.452562 1.718944
 41800.000000 0.685542 3.918069 1.452562 2.465507
 41825.000000 0.661041 1.949729 1.452562 0.497166
 41850.000000 0.681356 3.516507 1.452562 2.063945
 41875.000000 0.667914 2.425721 1.452562 0.973159
 41900.000000 0.655574 1.592417 1.452562 0.139854
 41925.000000 0.671694 2.705614 1.452562 1.253051
 41950.000000 0.637746 0.617554 1.452562 -0.835008
 41975.000000 0.624110 0.198500 1.452562 -1.254062
 42000.000000 0.592951 0.001270 1.467058 -1.451292
 42025.000000 0.636287 0.604211 1.467058 -0.862847
 42050.000000 0.661540 1.983622 1.467058 0.516564
 42075.000000 0.664363 2.175341 1.467058 0.708283
 42100.000000 0.668709 2.483172 1.467058 1.016114
 42125.000000 0.684569 3.821793 1.467058 2.354734
 42150.000000 0.653213 1.448768 1.467058 -0.018291
 42175.000000 0.645846 1.027495 1.467058 -0.439563
 42200.000000 0.635135 0.565473 1.467058 -0.901585
 42225.000000 0.614309 0.349227 1.467058 -1.117832
 42250.000000 0.592960 0.501272 1.467058 -0.965787
 42275.000000 0.656821 1.674389 1.467058 0.207331
 42300.000000 0.662392 2.040890 1.467058 0.573832
 42325.000000 0.651693 1.356961 1.467058 -0.110097
 42350.000000 0.670556 2.619544 1.467058 1.152485
 42375.000000 0.677018 3.133269 1.467058 1.666210
 42400.000000 0.677204 3.148992 1.467058 1.681933
 42425.000000 0.701236 5.610050 1.467058 4.142992
 42450.000000 0.713922 6.824036 1.467058 5.356977
 42475.000000 0.678593 3.268607 1.467058 1.801548
 42500.000000 0.678697 3.277725 1.500428 1.810667
 42525.000000 0.704795 6.197746 1.500428 4.697318
 42550.000000 0.699559 5.712226 1.500428 4.211798
 42575.000000 0.705747 6.282311 1.500428 4.781883
 42600.000000 0.710504 6.678160 1.500428 5.177732
 42625.000000 0.677231 3.642733 1.500428 2.142304
 42650.000000 0.672276 3.218223 1.500428 1.717795
 42675.000000 0.662933 2.438456 1.500428 0.938028
 42700.000000 0.669112 2.951756 1.500428 1.451328
 42725.000000 0.665258 2.630473 1.500428 1.130045
 42750.000000 0.648818 1.350599 1.500428 -0.149829
 42775.000000 0.640376 0.841920 1.500428 -0.658508
 42800.000000 0.696776 5.445956 1.500428 3.945528
 42825.000000 0.688322 4.640427 1.500428 3.139999
 42850.000000 0.702475 5.986274 1.500428 4.485846
 42875.000000 0.698387 5.600524 1.500428 4.100096
 42900.000000 0.710556 6.682165 1.500428 5.181737
 42925.000000 0.701251 5.872094 1.500428 4.371666
 42950.000000 0.697355 5.501593 1.500428 4.001165
 42975.000000 0.734885 7.511690 1.500428 6.011262
 43000.000000 0.743684 7.245257 1.566883 5.744829
 43025.000000 0.737530 7.920100 1.566883 6.353217
 43050.000000 0.732141 7.947995 1.566883 6.381112
 43075.000000 0.731569 7.942741 1.566883 6.375858
 43100.000000 0.714959 7.168529 1.566883 5.601646
 43125.000000 0.698357 5.633899 1.566883 4.067016
 43150.000000 0.705965 6.382464 1.566883 4.815581
 43175.000000 0.696771 5.475478 1.566883 3.908595
 43200.000000 0.703216 6.116287 1.566883 4.549404
 43225.000000 0.714134 7.103959 1.566883 5.537076
 43250.000000 0.703273 6.121852 1.566883 4.554969
 43275.000000 0.683487 4.200012 1.566883 2.633129
 43300.000000 0.665008 2.609756 1.566883 1.042873
 43325.000000 0.668447 2.896117 1.566883 1.329234
 43350.000000 0.638737 0.762094 1.566883 -0.804789
 43375.000000 0.644566 1.075591 1.566883 -0.491292
 43400.000000 0.635606 0.628472 1.566883 -0.938411
 43425.000000 0.625735 0.375562 1.566883 -1.191321
 43450.000000 0.638019 0.729220 1.566883 -0.837663
 43475.000000 0.692783 5.080808 1.566883 3.513925
 43500.000000 0.711760 6.908435 1.628083 5.341552
 43525.000000 0.741853 7.957648 1.628083 6.329565
 43550.000000 0.735963 8.175046 1.628083 6.546963
 43575.000000 0.740731 8.009404 1.628083 6.381320
 43600.000000 0.731293 8.240200 1.628083 6.612117
 43625.000000 0.723515 8.115520 1.628083 6.487437
 43650.000000 0.702103 6.438020 1.628083 4.809937
 43675.000000 0.702431 6.473780 1.628083 4.845697
 43700.000000 0.674206 3.464788 1.628083 1.836704
 43725.000000 0.669490 3.034477 1.628083 1.406394
 43750.000000 0.690827 5.170268 1.628083 3.542185
 43775.000000 0.687595 4.814235 1.628083 3.186152
 43800.000000 0.704328 6.677189 1.628083 5.049105
 43825.000000 0.684651 4.499396 1.628083 2.871313
 43850.000000 0.695837 5.735461 1.628083 4.107377
 43875.000000 0.682263 4.251893 1.628083 2.623810
 43900.000000 0.666891 2.804587 1.628083 1.176504
 43925.000000 0.662794 2.450291 1.628083 0.822208
 43950.000000 0.677341 3.762854 1.628083 2.134771
 43975.000000 0.716351 7.745046 1.628083 6.116962
 44000.000000 0.702056 6.432896 1.685290 4.804813
 44025.000000 0.696391 6.264991 1.685290 4.579700
 44050.000000 0.698061 6.463807 1.685290 4.778517
 44075.000000 0.677329 3.987391 1.685290 2.302101
 44100.000000 0.677250 3.978744 1.685290 2.293454
 44125.000000 0.686963 5.110975 1.685290 3.425685
 44150.000000 0.689696 5.445898 1.685290 3.760608
 44175.000000 0.683689 4.717189 1.685290 3.031898
 44200.000000 0.705633 7.291424 1.685290 5.606134
 44225.000000 0.724685 8.408615 1.685290 6.723325
 44250.000000 0.748634 7.600471 1.685290 5.915180
 44275.000000 0.753075 7.294681 1.685290 5.609391
 44300.000000 0.749738 7.524968 1.685290 5.839678
 44325.000000 0.755081 7.158932 1.685290 5.473642
 44350.000000 0.762724 6.720842 1.685290 5.035552
 44375.000000 0.758231 6.958750 1.685290 5.273460
 44400.000000 0.699394 6.619288 1.685290 4.933997
 44425.000000 0.735589 8.302379 1.685290 6.617089
 44450.000000 0.719442 8.266362 1.685290 6.581071
 44475.000000 0.767577 6.552383 1.685290 4.867093
 44500.000000 0.731145 8.408652 1.761446 6.723361
 44525.000000 0.749687 7.841487 1.761446 6.080041
 44550.000000 0.743474 8.329705 1.761446 6.568259
 44575.000000 0.745618 8.170169 1.761446 6.408723
 44600.000000 0.733748 8.833973 1.761446 7.072527
 44625.000000 0.700503 6.894219 1.761446 5.132773
 44650.000000 0.695577 6.265172 1.761446 4.503726
 44675.000000 0.697744 6.545095 1.761446 4.783649
 44700.000000 0.680949 4.416458 1.761446 2.655012
 44725.000000 0.682592 4.612237 1.761446 2.850791
 44750.000000 0.682830 4.640925 1.761446 2.879479
 44775.000000 0.679571 4.255295 1.761446 2.493849
 44800.000000 0.683738 4.751188 1.761446 2.989742
 44825.000000 0.705717 7.513748 1.761446 5.752302
 44850.000000 0.694184 6.084129 1.761446 4.322683
 44875.000000 0.692490 5.863287 1.761446 4.101841
 44900.000000 0.682942 4.654498 1.761446 2.893052
 44925.000000 0.708058 7.766970 1.761446 6.005524
 44950.000000 0.723698 8.841207 1.761446 7.079761
 44975.000000 0.710505 8.010264 1.761446 6.248818
 45000.000000 0.711557 8.107495 1.833902 6.346049
 45025.000000 0.701786 7.480340 1.833902 5.646437
 45050.000000 0.686072 5.253613 1.833902 3.419711
 45075.000000 0.688305 5.567580 1.833902 3.733678
 45100.000000 0.709771 8.420049 1.833902 6.586146
 45125.000000 0.723809 9.243792 1.833902 7.409890
 45150.000000 0.711025 8.540989 1.833902 6.707087
 45175.000000 0.724255 9.249744 1.833902 7.415841
 45200.000000 0.730126 9.214986 1.833902 7.381084
 45225.000000 0.739458 8.769603 1.833902 6.935701
 45250.000000 0.728255 9.248292 1.833902 7.414389
 45275.000000 0.694124 6.405814 1.833902 4.571912
 45300.000000 0.704121 7.781214 1.833902 5.947312
 45325.000000 0.724288 9.250122 1.833902 7.416220
 45350.000000 0.692944 6.234929 1.833902 4.401027
 45375.000000 0.697631 6.908749 1.833902 5.074847
 45400.000000 0.670224 3.296489 1.833902 1.462587
 45425.000000 0.689940 5.801243 1.833902 3.967341
 45450.000000 0.683899 4.955569 1.833902 3.121667
 45475.000000 0.672427 3.537747 1.833902 1.703844
 45500.000000 0.685135 5.124033 1.881471 3.290131
 45525.000000 0.665519 3.111889 1.881471 1.230418
 45550.000000 0.680586 4.994631 1.881471 3.113160
 45575.000000 0.668323 3.438565 1.881471 1.557094
 45600.000000 0.671975 3.880800 1.881471 1.999329
 45625.000000 0.664107 2.951730 1.881471 1.070258
 45650.000000 0.685407 5.650150 1.881471 3.768679
 45675.000000 0.694780 6.935505 1.881471 5.054034
 45700.000000 0.696013 7.099338 1.881471 5.217867
 45725.000000 0.700391 7.657847 1.881471 5.776376
 45750.000000 0.671030 3.764622 1.881471 1.883151
 45775.000000 0.683781 5.427180 1.881471 3.545709
 45800.000000 0.658904 2.391515 1.881471 0.510044
 45825.000000 0.619935 0.336724 1.881471 -1.544747
 45850.000000 0.651241 1.663684 1.881471 -0.217787
 45875.000000 0.667655 3.359695 1.881471 1.478224
 45900.000000 0.654575 1.964464 1.881471 0.082993
 45925.000000 0.684073 5.467104 1.881471 3.585633
 45950.000000 0.653794 1.891695 1.881471 0.010224
 45975.000000 0.652108 1.739408 1.881471 -0.142063
 46000.000000 0.665390 3.097083 1.912657 1.215612
 46025.000000 0.631482 0.620871 1.912657 -1.291786
 46050.000000 0.617291 0.364251 1.912657 -1.548407
 46075.000000 0.634949 0.778767 1.912657 -1.133890
 46100.000000 0.641766 1.210186 1.912657 -0.702471
 46125.000000 0.645473 1.508978 1.912657 -0.403679
 46150.000000 0.649566 1.882999 1.912657 -0.029658
 46175.000000 0.664753 3.517495 1.912657 1.604838
 46200.000000 0.709284 8.649668 1.912657 6.737011
 46225.000000 0.669271 4.035320 1.912657 2.122662
 46250.000000 0.683894 5.763761 1.912657 3.851104
 46275.000000 0.686956 6.139022 1.912657 4.226365
 46300.000000 0.660854 3.076416 1.912657 1.163759
 46325.000000 0.683523 5.718636 1.912657 3.805978
 46350.000000 0.667747 3.860197 1.912657 1.947539
 46375.000000 0.660952 3.087430 1.912657 1.174772
 46400.000000 0.652021 2.125873 1.912657 0.213216
 46425.000000 0.660100 2.992231 1.912657 1.079573
 46450.000000 0.679491 5.232749 1.912657 3.320092
 46475.000000 0.684250 5.807191 1.912657 3.894534
 46500.000000 0.668735 3.973683 1.948667 2.061025
 46525.000000 0.654189 2.726578 1.948667 0.777911
 46550.000000 0.657567 3.132475 1.948667 1.183808
 46575.000000 0.646417 1.854555 1.948667 -0.094112
 46600.000000 0.650883 2.341333 1.948667 0.392665
 46625.000000 0.689156 6.701951 1.948667 4.753284
 46650.000000 0.693241 7.145771 1.948667 5.197104
 46675.000000 0.681303 5.853171 1.948667 3.904503
 46700.000000 0.641412 1.376494 1.948667 -0.572173
 46725.000000 0.645984 1.810097 1.948667 -0.138570
 46750.000000 0.646695 1.883331 1.948667 -0.065337
 46775.000000 0.667518 4.324226 1.948667 2.375558
 46800.000000 0.668487 4.436399 1.948667 2.487732
 46825.000000 0.657989 3.183555 1.948667 1.234888
 46850.000000 0.630996 0.684068 1.948667 -1.264600
 46875.000000 0.674917 5.159276 1.948667 3.210608
 46900.000000 0.724616 9.336614 1.948667 7.387946
 46925.000000 0.713890 9.020741 1.948667 7.072074
 46950.000000 0.719467 9.260985 1.948667 7.312317
 46975.000000 0.715685 9.115022 1.948667 7.166355
 47000.000000 0.683032 6.039259 2.001240 4.090592
 47025.000000 0.626026 0.511852 2.001240 -1.489388
 47050.000000 0.614073 0.381144 2.001240 -1.620096
 47075.000000 0.614679 0.379969 2.001240 -1.621272
 47100.000000 0.634557 0.897006 2.001240 -1.104234
 47125.000000 0.624199 0.466055 2.001240 -1.535186
 47150.000000 0.629857 0.647985 2.001240 -1.353255
 47175.000000 0.661007 3.814386 2.001240 1.813145
 47200.000000 0.679121 6.095157 2.001240 4.093917
 47225.000000 0.658838 3.520268 2.001240 1.519027
 47250.000000 0.682309 6.447753 2.001240 4.446513
 47275.000000 0.677984 5.965847 2.001240 3.964607
 47300.000000 0.703301 8.482259 2.001240 6.481019
 47325.000000 0.721833 9.387234 2.001240 7.385994
 47350.000000 0.707629 8.807618 2.001240 6.806378
 47375.000000 0.728311 9.338360 2.001240 7.337119
 47400.000000 0.743366 8.483171 2.001240 6.481930
 47425.000000 0.743755 8.450412 2.001240 6.449171
 47450.000000 0.714331 9.187770 2.001240 7.186530
 47475.000000 0.709975 8.959640 2.001240 6.958399
 47500.000000 0.678234 5.994522 2.051930 3.993282
 47525.000000 0.673213 5.873753 2.051930 3.821823
 47550.000000 0.659593 3.937489 2.051930 1.885559
 47575.000000 0.675343 6.139799 2.051930 4.087870
 47600.000000 0.690041 7.664605 2.051930 5.612676
 47625.000000 0.703233 8.699101 2.051930 6.647171
 47650.000000 0.700357 8.497699 2.051930 6.445770
 47675.000000 0.681959 6.888133 2.051930 4.836204
 47700.000000 0.693708 7.979033 2.051930 5.927103
 47725.000000 0.691142 7.761136 2.051930 5.709206
 47750.000000 0.686803 7.368584 2.051930 5.316654
 47775.000000 0.663727 4.555694 2.051930 2.503764
 47800.000000 0.628559 0.616937 2.051930 -1.434993
 47825.000000 0.646459 2.086615 2.051930 0.034685
 47850.000000 0.668729 5.275610 2.051930 3.223681
 47875.000000 0.708191 9.003635 2.051930 6.951706
 47900.000000 0.719888 9.415781 2.051930 7.363852
 47925.000000 0.753051 7.616183 2.051930 5.564253
 47950.000000 0.755765 7.380056 2.051930 5.328126
 47975.000000 0.735068 9.077881 2.051930 7.025952
 48000.000000 0.752992 7.621438 2.123648 5.569508
 48025.000000 0.742774 8.958011 2.123648 6.834363
 48050.000000 0.680255 6.706495 2.123648 4.582848
 48075.000000 0.656930 3.538014 2.123648 1.414366
 48100.000000 0.677834 6.435436 2.123648 4.311789
 48125.000000 0.679745 6.650629 2.123648 4.526982
 48150.000000 0.658712 3.805041 2.123648 1.681394
 48175.000000 0.657602 3.638544 2.123648 1.514897
 48200.000000 0.670054 5.457506 2.123648 3.333858
 48225.000000 0.692175 7.853783 2.123648 5.730136
 48250.000000 0.693158 7.937668 2.123648 5.814021
 48275.000000 0.674067 5.981793 2.123648 3.858145
 48300.000000 0.654317 3.152490 2.123648 1.028842
 48325.000000 0.660568 4.084045 2.123648 1.960398
 48350.000000 0.667917 5.162114 2.123648 3.038467
 48375.000000 0.658459 3.767159 2.123648 1.643511
 48400.000000 0.632415 0.806177 2.123648 -1.317470
 48425.000000 0.608718 0.410886 2.123648 -1.712762
 48450.000000 0.635772 1.027235 2.123648 -1.096412
 48475.000000 0.619062 0.397393 2.123648 -1.726255
 48500.000000 0.625717 0.517852 2.140134 -1.605796
 48525.000000 0.626524 1.041173 2.140134 -1.098961
 48550.000000 0.639569 1.734473 2.140134 -0.405661
 48575.000000 0.651782 3.002655 2.140134 0.862520
 48600.000000 0.663946 4.667522 2.140134 2.527388
 48625.000000 0.649164 2.682807 2.140134 0.542673
 48650.000000 0.656197 3.584473 2.140134 1.444339
 48675.000000 0.640762 1.831087 2.140134 -0.309047
 48700.000000 0.624782 0.990493 2.140134 -1.149641
 48725.000000 0.654655 3.376332 2.140134 1.236198
 48750.000000 0.698660 8.382981 2.140134 6.242847
 48775.000000 0.699805 8.470504 2.140134 6.330370
 48800.000000 0.719022 9.516817 2.140134 7.376683
 48825.000000 0.698510 8.371406 2.140134 6.231272
 48850.000000 0.686337 7.329456 2.140134 5.189322
 48875.000000 0.708678 9.070764 2.140134 6.930630
 48900.000000 0.705813 8.894167 2.140134 6.754033
 48925.000000 0.698195 8.346918 2.140134 6.206784
 48950.000000 0.694227 8.027820 2.140134 5.887686
 48975.000000 0.664058 4.683199 2.140134 2.543065
 49000.000000 0.704756 8.824411 2.220838 6.684276
 49025.000000 0.685573 7.559718 2.220838 5.338880
 49050.000000 0.651413 2.968994 2.220838 0.748156
 49075.000000 0.644870 2.216066 2.220838 -0.004772
 49100.000000 0.649560 2.739484 2.220838 0.518646
 49125.000000 0.647112 2.455422 2.220838 0.234584
 49150.000000 0.634924 1.415016 2.220838 -0.805822
 49175.000000 0.680340 6.954456 2.220838 4.733618
 49200.000000 0.678539 6.733359 2.220838 4.512521
 49225.000000 0.690548 8.086985 2.220838 5.866147
 49250.000000 0.706558 9.420599 2.220838 7.199761
 49275.000000 0.670931 5.727840 2.220838 3.507002
 49300.000000 0.675801 6.384082 2.220838 4.163245
 49325.000000 0.668967 5.452021 2.220838 3.231183
 49350.000000 0.685177 7.515743 2.220838 5.294905
 49375.000000 0.705466 9.351884 2.220838 7.131047
 49400.000000 0.696003 8.609752 2.220838 6.388914
 49425.000000 0.687374 7.755993 2.220838 5.535156
 49450.000000 0.713502 9.757038 2.220838 7.536200
 49475.000000 0.696612 8.664317 2.220838 6.443479
 49500.000000 0.709252 9.572401 2.309779 7.351563
 49525.000000 0.683133 7.487698 2.309779 5.177919
 49550.000000 0.691144 8.464672 2.309779 6.154893
 49575.000000 0.704273 9.736787 2.309779 7.427008
 49600.000000 0.725841 10.215561 2.309779 7.905782
 49625.000000 0.697846 9.179545 2.309779 6.869766
 49650.000000 0.673252 6.139960 2.309779 3.830181
 49675.000000 0.685006 7.725955 2.309779 5.416175
 49700.000000 0.686403 7.899868 2.309779 5.590088
 49725.000000 0.701143 9.484256 2.309779 7.174477
 49750.000000 0.719829 10.314598 2.309779 8.004819
 49775.000000 0.729634 10.069806 2.309779 7.760027
 49800.000000 0.710837 10.126900 2.309779 7.817121
 49825.000000 0.706953 9.920413 2.309779 7.610634
 49850.000000 0.710411 10.107833 2.309779 7.798053
 49875.000000 0.705449 9.821278 2.309779 7.511499
 49900.000000 0.695161 8.906669 2.309779 6.596890
 49925.000000 0.671581 5.898357 2.309779 3.588578
 49950.000000 0.693130 8.687819 2.309779 6.378039
 49975.000000 0.716172 10.287638 2.309779 7.977859
 50000.000000 0.715255 10.270440 2.407039 7.960661
 50025.000000 0.674031 6.307569 2.407039 3.900530
 50050.000000 0.684758 7.843392 2.407039 5.436353
 50075.000000 0.689317 8.457557 2.407039 6.050517
 50100.000000 0.672709 6.110676 2.407039 3.703637
 50125.000000 0.650922 2.914725 2.407039 0.507685
 50150.000000 0.643382 2.070023 2.407039 -0.337016
 50175.000000 0.639680 1.744945 2.407039 -0.662094
 50200.000000 0.659524 4.112249 2.407039 1.705210
 50225.000000 0.665156 4.964551 2.407039 2.557512
 50250.000000 0.666197 5.123791 2.407039 2.716752
 50275.000000 0.656218 3.630272 2.407039 1.223233
 50300.000000 0.661690 4.436879 2.407039 2.029840
 50325.000000 0.642528 1.989579 2.407039 -0.417461
 50350.000000 0.675120 6.468808 2.407039 4.061769
 50375.000000 0.692668 8.888658 2.407039 6.481619
 50400.000000 0.710997 10.600668 2.407039 8.193629
 50425.000000 0.711189 10.609763 2.407039 8.202724
 50450.000000 0.725913 10.627584 2.407039 8.220545
 50475.000000 0.656969 3.737860 2.407039 1.330820
 50500.000000 0.631694 1.242697 2.425414 -1.164342
 50525.000000 0.604065 0.917363 2.425414 -1.508051
 50550.000000 0.611036 1.067428 2.425414 -1.357986
 50575.000000 0.655694 3.797576 2.425414 1.372163
 50600.000000 0.639719 2.206764 2.425414 -0.218650
 50625.000000 0.646461 2.765061 2.425414 0.339647
 50650.000000 0.653356 3.509485 2.425414 1.084071
 50675.000000 0.653756 3.557660 2.425414 1.132246
 50700.000000 0.668871 5.619117 2.425414 3.193704
 50725.000000 0.638758 2.140612 2.425414 -0.284801
 50750.000000 0.665107 5.079435 2.425414 2.654021
 50775.000000 0.675660 6.591994 2.425414 4.166581
 50800.000000 0.668168 5.518205 2.425414 3.092791
 50825.000000 0.673856 6.334708 2.425414 3.909294
 50850.000000 0.693776 9.029454 2.425414 6.604040
 50875.000000 0.683741 7.718917 2.425414 5.293503
 50900.000000 0.671997 6.068465 2.425414 3.643052
 50925.000000 0.691011 8.683205 2.425414 6.257792
 50950.000000 0.698766 9.608755 2.425414 7.183341
 50975.000000 0.701296 9.871818 2.425414 7.446404
 51000.000000 0.734282 10.115464 2.522649 7.690050
 51025.000000 0.746943 9.291260 2.522649 6.768612
 51050.000000 0.742059 9.853258 2.522649 7.330609
 51075.000000 0.736780 10.382342 2.522649 7.859694
 51100.000000 0.682242 7.528798 2.522649 5.006149
 51125.000000 0.632282 1.768176 2.522649 -0.754473
 51150.000000 0.632856 1.796528 2.522649 -0.726121
 51175.000000 0.649868 3.111887 2.522649 0.589239
 51200.000000 0.658642 4.181830 2.522649 1.659181
 51225.000000 0.691941 8.851260 2.522649 6.328612
 51250.000000 0.719161 11.142105 2.522649 8.619456
 51275.000000 0.718044 11.126193 2.522649 8.603545
 51300.000000 0.711675 10.883571 2.522649 8.360923
 51325.000000 0.698424 9.666497 2.522649 7.143849
 51350.000000 0.670391 5.839767 2.522649 3.317119
 51375.000000 0.658237 4.127789 2.522649 1.605140
 51400.000000 0.662967 4.776263 2.522649 2.253615
 51425.000000 0.679029 7.077236 2.522649 4.554588
 51450.000000 0.678899 7.058813 2.522649 4.536165
 51475.000000 0.664488 4.991470 2.522649 2.468822
 51500.000000 0.665158 5.086992 2.564954 2.564343
 51525.000000 0.665727 5.657024 2.564954 3.092071
 51550.000000 0.644858 2.908495 2.564954 0.343542
 51575.000000 0.670737 6.359693 2.564954 3.794740
 51600.000000 0.717190 11.124239 2.564954 8.559286
 51625.000000 0.735354 10.506354 2.564954 7.941401
 51650.000000 0.740478 10.022211 2.564954 7.457257
 51675.000000 0.742506 9.804179 2.564954 7.239225
 51700.000000 0.690518 8.881029 2.564954 6.316076
 51725.000000 0.657045 4.421075 2.564954 1.856121
 51750.000000 0.647321 3.176619 2.564954 0.611666
 51775.000000 0.636262 2.154323 2.564954 -0.410631
 51800.000000 0.640967 2.532046 2.564954 -0.032907
 51825.000000 0.635202 2.079977 2.564954 -0.484976
 51850.000000 0.640768 2.514387 2.564954 -0.050566
 51875.000000 0.662194 5.151456 2.564954 2.586503
 51900.000000 0.676947 7.192102 2.564954 4.627149
 51925.000000 0.648727 3.339474 2.564954 0.774520
 51950.000000 0.659987 4.835930 2.564954 2.270977
 51975.000000 0.648328 3.292660 2.564954 0.727706
 52000.000000 0.645199 2.944305 2.591765 0.379351
 52025.000000 0.661539 5.410790 2.591765 2.819024
 52050.000000 0.644019 3.315019 2.591765 0.723254
 52075.000000 0.652973 4.327220 2.591765 1.735454
 52100.000000 0.645723 3.493465 2.591765 0.901700
 52125.000000 0.654684 4.538137 2.591765 1.946372
 52150.000000 0.651916 4.199069 2.591765 1.607304
 52175.000000 0.640284 2.950886 2.591765 0.359120
 52200.000000 0.686251 8.423383 2.591765 5.831617
 52225.000000 0.688304 8.662029 2.591765 6.070264
 52250.000000 0.678682 7.537657 2.591765 4.945891
 52275.000000 0.695366 9.468286 2.591765 6.876521
 52300.000000 0.690977 8.970801 2.591765 6.379035
 52325.000000 0.676960 7.333042 2.591765 4.741276
 52350.000000 0.688414 8.674767 2.591765 6.083002
 52375.000000 0.670857 6.592410 2.591765 4.000644
 52400.000000 0.678213 7.482025 2.591765 4.890259
 52425.000000 0.651592 4.160227 2.591765 1.568461
 52450.000000 0.636516 2.621689 2.591765 0.029923
 52475.000000 0.595928 0.784660 2.591765 -1.807105
 52500.000000 0.604080 0.980127 2.606398 -1.611638
 52525.000000 0.617707 1.851921 2.606398 -0.754476
 52550.000000 0.639077 2.948326 2.606398 0.341928
 52575.000000 0.634795 2.635655 2.606398 0.029257
 52600.000000 0.662244 5.507785 2.606398 2.901388
 52625.000000 0.660430 5.276561 2.606398 2.670163
 52650.000000 0.673754 6.947271 2.606398 4.340873
 52675.000000 0.694677 9.391422 2.606398 6.785024
 52700.000000 0.695388 9.470766 2.606398 6.864368
 52725.000000 0.710239 10.833407 2.606398 8.227009
 52750.000000 0.720093 11.159431 2.606398 8.553034
 52775.000000 0.715974 11.094047 2.606398 8.487650
 52800.000000 0.724128 11.119521 2.606398 8.513124
 52825.000000 0.714077 11.029244 2.606398 8.422846
 52850.000000 0.696495 9.593008 2.606398 6.986610
 52875.000000 0.703455 10.304278 2.606398 7.697880
 52900.000000 0.714717 11.053545 2.606398 8.447148
 52925.000000 0.698020 9.758519 2.606398 7.152121
 52950.000000 0.651590 4.188769 2.606398 1.582371
 52975.000000 0.645912 3.568697 2.606398 0.962300
 53000.000000 0.613982 1.741831 2.623719 -0.864567
 53025.000000 0.590481 1.314150 2.623719 -1.309569
 53050.000000 0.610049 2.122025 2.623719 -0.501694
 53075.000000 0.656519 4.834299 2.623719 2.210580
 53100.000000 0.651032 4.212670 2.623719 1.588951
 53125.000000 0.656020 4.775135 2.623719 2.151416
 53150.000000 0.661410 5.430338 2.623719 2.806619
 53175.000000 0.641223 3.322427 2.623719 0.698708
 53200.000000 0.629515 2.691521 2.623719 0.067802
 53225.000000 0.626802 2.596809 2.623719 -0.026910
 53250.000000 0.673769 6.953844 2.623719 4.330125
 53275.000000 0.696011 9.539738 2.623719 6.916019
 53300.000000 0.685324 8.315538 2.623719 5.691819
 53325.000000 0.677620 7.413784 2.623719 4.790065
 53350.000000 0.684993 8.276970 2.623719 5.653251
 53375.000000 0.675988 7.219880 2.623719 4.596161
 53400.000000 0.676090 7.232047 2.623719 4.608327
 53425.000000 0.648931 3.994977 2.623719 1.371258
 53450.000000 0.669266 6.406179 2.623719 3.782460
 53475.000000 0.687703 8.592295 2.623719 5.968576
 53500.000000 0.669859 6.478908 2.675995 3.855189
 53525.000000 0.701261 10.234799 2.675995 7.558804
 53550.000000 0.689345 9.084469 2.675995 6.408474
 53575.000000 0.639252 3.335110 2.675995 0.659114
 53600.000000 0.639232 3.333516 2.675995 0.657521
 53625.000000 0.663097 6.098580 2.675995 3.422584
 53650.000000 0.647204 4.081683 2.675995 1.405688
 53675.000000 0.663216 6.114256 2.675995 3.438260
 53700.000000 0.642257 3.587181 2.675995 0.911185
 53725.000000 0.666288 6.515781 2.675995 3.839785
 53750.000000 0.652217 4.669917 2.675995 1.993921
 53775.000000 0.624329 2.556203 2.675995 -0.119793
 53800.000000 0.660042 5.691917 2.675995 3.015921
 53825.000000 0.691264 9.277279 2.675995 6.601284
 53850.000000 0.722305 11.165008 2.675995 8.489012
 53875.000000 0.723976 11.134478 2.675995 8.458483
 53900.000000 0.713885 11.063644 2.675995 8.387649
 53925.000000 0.726527 11.055488 2.675995 8.379493
 53950.000000 0.669703 6.945541 2.675995 4.269545
 53975.000000 0.652581 4.715343 2.675995 2.039348
 54000.000000 0.625963 2.612858 2.697849 -0.063138
 54025.000000 0.673560 7.434396 2.697849 4.736546
 54050.000000 0.674363 7.524260 2.697849 4.826411
 54075.000000 0.689782 9.130572 2.697849 6.432723
 54100.000000 0.690672 9.219628 2.697849 6.521779
 54125.000000 0.699000 10.030017 2.697849 7.332168
 54150.000000 0.685534 8.701894 2.697849 6.004045
 54175.000000 0.685127 8.660595 2.697849 5.962746
 54200.000000 0.659416 5.729505 2.697849 3.031656
 54225.000000 0.644631 4.131818 2.697849 1.433968
 54250.000000 0.647673 4.407142 2.697849 1.709293
 54275.000000 0.625523 3.091242 2.697849 0.393392
 54300.000000 0.623985 3.036582 2.697849 0.338733
 54325.000000 0.606594 2.318993 2.697849 -0.378856
 54350.000000 0.602307 2.093679 2.697849 -0.604170
 54375.000000 0.611921 2.571218 2.697849 -0.126631
 54400.000000 0.603567 2.161836 2.697849 -0.536014
 54425.000000 0.639283 3.733225 2.697849 1.035375
 54450.000000 0.635311 3.502467 2.697849 0.804617
 54475.000000 0.638537 3.685995 2.697849 0.988146
 54500.000000 0.641460 3.882357 2.728221 1.184508
 54525.000000 0.672339 7.444505 2.728221 4.716284
 54550.000000 0.614362 2.871202 2.728221 0.142981
 54575.000000 0.608868 2.560286 2.728221 -0.167935
 54600.000000 0.621293 3.236094 2.728221 0.507874
 54625.000000 0.648647 4.962979 2.728221 2.234758
 54650.000000 0.676357 7.850803 2.728221 5.122582
 54675.000000 0.680336 8.241844 2.728221 5.513624
 54700.000000 0.663302 6.481694 2.728221 3.753473
 54725.000000 0.661947 6.333612 2.728221 3.605391
 54750.000000 0.645605 4.697174 2.728221 1.968954
 54775.000000 0.635202 3.964691 2.728221 1.236471
 54800.000000 0.662819 6.428960 2.728221 3.700740
 54825.000000 0.698548 9.995251 2.728221 7.267030
 54850.000000 0.723487 11.145163 2.728221 8.416943
 54875.000000 0.741476 9.916515 2.728221 7.188294
 54900.000000 0.707335 10.717112 2.728221 7.988892
 54925.000000 0.695977 9.753667 2.728221 7.025447
 54950.000000 0.652810 5.362357 2.728221 2.634137
 54975.000000 0.665350 6.704929 2.728221 3.976708
 55000.000000 0.685160 8.708213 2.804956 5.979992
 55025.000000 0.662644 6.664519 2.804956 3.859563
 55050.000000 0.649502 5.139201 2.804956 2.334245
 55075.000000 0.628888 3.627543 2.804956 0.822586
 55100.000000 0.626874 3.522630 2.804956 0.717673
 55125.000000 0.620798 3.212671 2.804956 0.407715
 55150.000000 0.638108 4.173610 2.804956 1.368654
 55175.000000 0.643559 4.586400 2.804956 1.781444
 55200.000000 0.663760 6.802530 2.804956 3.997574
 55225.000000 0.708490 11.035972 2.804956 8.231016
 55250.000000 0.715649 11.268780 2.804956 8.463823
 55275.000000 0.711031 11.146133 2.804956 8.341177
 55300.000000 0.715231 11.262111 2.804956 8.457154
 55325.000000 0.685280 9.200755 2.804956 6.395799
 55350.000000 0.675800 8.226106 2.804956 5.421150
 55375.000000 0.665341 6.998020 2.804956 4.193064
 55400.000000 0.645382 4.744331 2.804956 1.939374
 55425.000000 0.685185 9.191506 2.804956 6.386549
 55450.000000 0.684860 9.160077 2.804956 6.355121
 55475.000000 0.674248 8.053260 2.804956 5.248303
 55500.000000 0.673830 8.006076 2.870834 5.201119
 55525.000000 0.671324 8.196898 2.870834 5.326064
 55550.000000 0.667681 7.744458 2.870834 4.873624
 55575.000000 0.674287 8.539962 2.870834 5.669128
 55600.000000 0.682905 9.403393 2.870834 6.532559
 55625.000000 0.708841 11.156370 2.870834 8.285536
 55650.000000 0.703634 10.911604 2.870834 8.040770
 55675.000000 0.738421 10.244191 2.870834 7.373357
 55700.000000 0.735375 10.528949 2.870834 7.658115
 55725.000000 0.719235 11.324500 2.870834 8.453666
 55750.000000 0.726882 11.108756 2.870834 8.237922
 55775.000000 0.718977 11.326456 2.870834 8.455622
 55800.000000 0.682525 9.369296 2.870834 6.498462
 55825.000000 0.673851 8.490947 2.870834 5.620113
 55850.000000 0.683619 9.466652 2.870834 6.595818
 55875.000000 0.684880 9.576012 2.870834 6.705178
 55900.000000 0.707118 11.085137 2.870834 8.214303
 55925.000000 0.696088 10.437619 2.870834 7.566785
 55950.000000 0.675663 8.691384 2.870834 5.820550
 55975.000000 0.653984 5.918067 2.870834 3.047233
 56000.000000 0.656300 6.220170 2.918764 3.349336
 56025.000000 0.676056 9.031909 2.918764 6.113145
 56050.000000 0.694209 10.385260 2.918764 7.466496
 56075.000000 0.702795 10.896465 2.918764 7.977701
 56100.000000 0.658186 6.956783 2.918764 4.038019
 56125.000000 0.680552 9.419680 2.918764 6.500916
 56150.000000 0.736684 10.410933 2.918764 7.492168
 56175.000000 0.738365 10.249673 2.918764 7.330908
 56200.000000 0.732910 10.732027 2.918764 7.813263
 56225.000000 0.722807 11.262801 2.918764 8.344037
 56250.000000 0.683403 9.641223 2.918764 6.722459
 56275.000000 0.668722 8.277619 2.918764 5.358855
 56300.000000 0.669451 8.359693 2.918764 5.440928
 56325.000000 0.635177 4.335254 2.918764 1.416489
 56350.000000 0.671536 8.585806 2.918764 5.667042
 56375.000000 0.716959 11.334159 2.918764 8.415395
 56400.000000 0.732487 10.764102 2.918764 7.845338
 56425.000000 0.726251 11.138081 2.918764 8.219317
 56450.000000 0.762527 7.542290 2.918764 4.623525
 56475.000000 0.762934 7.506745 2.918764 4.587981
 56500.000000 0.758259 7.960479 2.988146 5.041714
 56525.000000 0.690641 10.152613 2.988146 7.164467
 56550.000000 0.648386 5.691129 2.988146 2.702984
 56575.000000 0.645133 5.309912 2.988146 2.321766
 56600.000000 0.646531 5.470232 2.988146 2.482086
 56625.000000 0.627093 3.731304 2.988146 0.743158
 56650.000000 0.646348 5.448986 2.988146 2.460840
 56675.000000 0.666899 8.065886 2.988146 5.077741
 56700.000000 0.670823 8.509950 2.988146 5.521805
 56725.000000 0.660600 7.274928 2.988146 4.286782
 56750.000000 0.673093 8.746066 2.988146 5.757921
 56775.000000 0.679010 9.292512 2.988146 6.304366
 56800.000000 0.694199 10.386534 2.988146 7.398389
 56825.000000 0.703557 10.946878 2.988146 7.958732
 56850.000000 0.717727 11.395643 2.988146 8.407498
 56875.000000 0.741871 10.226736 2.988146 7.238590
 56900.000000 0.752564 9.076367 2.988146 6.088221
 56925.000000 0.712513 11.313194 2.988146 8.325048
 56950.000000 0.690584 10.148784 2.988146 7.160639
 56975.000000 0.685075 9.764785 2.988146 6.776639
 57000.000000 0.691395 10.202950 3.081613 7.214805
 57025.000000 0.667262 8.338992 3.081613 5.257379
 57050.000000 0.664053 7.904907 3.081613 4.823294
 57075.000000 0.631729 4.066047 3.081613 0.984434
 57100.000000 0.635594 4.379255 3.081613 1.297642
 57125.000000 0.633308 4.189388 3.081613 1.107775
 57150.000000 0.649160 5.836215 3.081613 2.754602
 57175.000000 0.647939 5.681336 3.081613 2.599723
 57200.000000 0.680443 9.821980 3.081613 6.740367
 57225.000000 0.677603 9.547794 3.081613 6.466181
 57250.000000 0.659017 7.194945 3.081613 4.113332
 57275.000000 0.632069 4.092090 3.081613 1.010476
 57300.000000 0.640688 4.856392 3.081613 1.774779
 57325.000000 0.620463 3.305146 3.081613 0.223533
 57350.000000 0.628089 3.801567 3.081613 0.719954
 57375.000000 0.592015 1.528495 3.081613 -1.553119
 57400.000000 0.641202 4.909129 3.081613 1.827515
 57425.000000 0.618513 3.184430 3.081613 0.102817
 57450.000000 0.628698 3.844124 3.081613 0.762510
 57475.000000 0.647438 5.619046 3.081613 2.537433
 57500.000000 0.666667 8.260214 3.146922 5.178601
 57525.000000 0.679694 10.141705 3.146922 6.994783
 57550.000000 0.681831 10.308321 3.146922 7.161398
 57575.000000 0.705453 11.489145 3.146922 8.342223
 57600.000000 0.686475 10.623600 3.146922 7.476678
 57625.000000 0.665765 8.620684 3.146922 5.473761
 57650.000000 0.689112 10.780040 3.146922 7.633117
 57675.000000 0.672178 9.417429 3.146922 6.270506
 57700.000000 0.659215 7.672754 3.146922 4.525831
 57725.000000 0.654001 6.879948 3.146922 3.733026
 57750.000000 0.619934 3.302872 3.146922 0.155949
 57775.000000 0.632483 4.235372 3.146922 1.088449
 57800.000000 0.654105 6.895700 3.146922 3.748778
 57825.000000 0.686194 10.606038 3.146922 7.459115
 57850.000000 0.708189 11.557214 3.146922 8.410292
 57875.000000 0.704646 11.465434 3.146922 8.318511
 57900.000000 0.682917 10.387275 3.146922 7.240352
 57925.000000 0.660254 7.828762 3.146922 4.681840
 57950.000000 0.661370 7.994717 3.146922 4.847794
 57975.000000 0.653266 6.768902 3.146922 3.621979
 58000.000000 0.641208 5.123556 3.184726 1.976633
 58025.000000 0.652998 7.139191 3.184726 3.954466
 58050.000000 0.660939 8.230856 3.184726 5.046131
 58075.000000 0.661241 8.271096 3.184726 5.086370
 58100.000000 0.664544 8.698795 3.184726 5.514070
 58125.000000 0.714589 11.629301 3.184726 8.444575
 58150.000000 0.740057 10.419574 3.184726 7.234848
 58175.000000 0.747693 9.631704 3.184726 6.446978
 58200.000000 0.758644 8.402901 3.184726 5.218175
 58225.000000 0.742994 10.133263 3.184726 6.948537
 58250.000000 0.735247 10.831300 3.184726 7.646575
 58275.000000 0.702065 11.383547 3.184726 8.198821
 58300.000000 0.700441 11.324254 3.184726 8.139529
 58325.000000 0.690190 10.863424 3.184726 7.678699
 58350.000000 0.648787 6.566112 3.184726 3.381386
 58375.000000 0.630108 4.453844 3.184726 1.269118
 58400.000000 0.635573 4.990361 3.184726 1.805635
 58425.000000 0.670457 9.386639 3.184726 6.201914
 58450.000000 0.671680 9.513868 3.184726 6.329142
 58475.000000 0.673103 9.655037 3.184726 6.470311
 58500.000000 0.690322 10.870250 3.285528 7.685524
 58525.000000 0.709348 11.882936 3.285528 8.597409
 58550.000000 0.733135 11.034955 3.285528 7.749427
 58575.000000 0.700718 11.750712 3.285528 8.465184
 58600.000000 0.681661 10.791634 3.285528 7.506106
 58625.000000 0.693798 11.510036 3.285528 8.224509
 58650.000000 0.646687 6.332953 3.285528 3.047425
 58675.000000 0.639794 5.467770 3.285528 2.182243
 58700.000000 0.667736 9.335939 3.285528 6.050412
 58725.000000 0.705655 11.851411 3.285528 8.565884
 58750.000000 0.640995 5.609247 3.285528 2.323720
 58775.000000 0.610417 2.843551 3.285528 -0.441977
 58800.000000 0.628125 4.275748 3.285528 0.990220
 58825.000000 0.669055 9.504409 3.285528 6.218881
 58850.000000 0.679399 10.605719 3.285528 7.320192
 58875.000000 0.631083 4.550181 3.285528 1.264654
 58900.000000 0.655564 7.599251 3.285528 4.313723
 58925.000000 0.651481 7.001938 3.285528 3.716410
 58950.000000 0.676584 10.346757 3.285528 7.061230
 58975.000000 0.661019 8.403732 3.285528 5.118204
 59000.000000 0.663322 8.734330 3.354857 5.448803
 59025.000000 0.667143 9.730421 3.354857 6.375563
 59050.000000 0.678927 10.918915 3.354857 7.564058
 59075.000000 0.687931 11.440732 3.354857 8.085875
 59100.000000 0.661479 8.949351 3.354857 5.594494
 59125.000000 0.656068 8.124056 3.354857 4.769199
 59150.000000 0.637087 5.366046 3.354857 2.011188
 59175.000000 0.647991 6.868582 3.354857 3.513725
 59200.000000 0.665842 9.561197 3.354857 6.206340
 59225.000000 0.659254 8.616403 3.354857 5.261546
 59250.000000 0.686844 11.391111 3.354857 8.036253
 59275.000000 0.719389 11.764237 3.354857 8.409379
 59300.000000 0.698634 11.790381 3.354857 8.435524
 59325.000000 0.702606 11.865615 3.354857 8.510758
 59350.000000 0.710604 11.912855 3.354857 8.557997
 59375.000000 0.690285 11.537885 3.354857 8.183028
 59400.000000 0.687625 11.427074 3.354857 8.072216
 59425.000000 0.660393 8.788200 3.354857 5.433343
 59450.000000 0.646995 6.718875 3.354857 3.364018
 59475.000000 0.646985 6.717410 3.354857 3.362553
 59500.000000 0.653508 7.722650 3.413611 4.367793
 59525.000000 0.638689 5.932731 3.413611 2.519120
 59550.000000 0.613761 3.183743 3.413611 -0.229869
 59575.000000 0.646676 7.127031 3.413611 3.713420
 59600.000000 0.616623 3.435371 3.413611 0.021760
 59625.000000 0.619065 3.659987 3.413611 0.246375
 59650.000000 0.616156 3.393500 3.413611 -0.020111
 59675.000000 0.602211 2.265589 3.413611 -1.148022
 59700.000000 0.658193 8.924041 3.413611 5.510430
 59725.000000 0.638067 5.845731 3.413611 2.432120
 59750.000000 0.622372 3.980891 3.413611 0.567280
 59775.000000 0.587732 1.285918 3.413611 -2.127694
 59800.000000 0.581839 0.951898 3.413611 -2.461713
 59825.000000 0.586842 1.232637 3.413611 -2.180974
 59850.000000 0.615371 3.323781 3.413611 -0.089830
 59875.000000 0.623098 4.054074 3.413611 0.640463
 59900.000000 0.624072 4.154114 3.413611 0.740503
 59925.000000 0.662193 9.493031 3.413611 6.079420
 59950.000000 0.702865 11.891567 3.413611 8.477955
 59975.000000 0.715355 11.864317 3.413611 8.450706
 60000.000000 0.729052 11.315744 3.517251 7.902132
 60025.000000 0.709701 12.221387 3.517251 8.704136
 60050.000000 0.723376 12.073236 3.517251 8.555985
 60075.000000 0.682030 11.333510 3.517251 7.816259
 60100.000000 0.656806 8.715645 3.517251 5.198394
 60125.000000 0.637014 5.700553 3.517251 2.183302
 60150.000000 0.647927 7.323481 3.517251 3.806230
 60175.000000 0.610105 2.878356 3.517251 -0.638895
 60200.000000 0.608118 2.718283 3.517251 -0.798968
 60225.000000 0.593855 1.675750 3.517251 -1.841501
 60250.000000 0.611850 3.022105 3.517251 -0.495146
 60275.000000 0.621224 3.867055 3.517251 0.349804
 60300.000000 0.632312 5.088137 3.517251 1.570886
 60325.000000 0.610053 2.874112 3.517251 -0.643139
 60350.000000 0.597399 1.918409 3.517251 -1.598842
 60375.000000 0.623610 4.106434 3.517251 0.589183
 60400.000000 0.617900 3.551712 3.517251 0.034461
 60425.000000 0.585103 1.131271 3.517251 -2.385980
 60450.000000 0.624295 4.177278 3.517251 0.660027
 60475.000000 0.627723 4.547374 3.517251 1.030123
 60500.000000 0.621951 3.938812 3.543704 0.421561
 60525.000000 0.619712 4.209326 3.543704 0.665622
 60550.000000 0.638715 6.281874 3.543704 2.738170
 60575.000000 0.641313 6.617570 3.543704 3.073866
 60600.000000 0.668188 10.266631 3.543704 6.722927
 60625.000000 0.695389 11.875014 3.543704 8.331310
 60650.000000 0.697572 11.944036 3.543704 8.400332
 60675.000000 0.718444 12.205932 3.543704 8.662228
 60700.000000 0.691827 11.754327 3.543704 8.210623
 60725.000000 0.677545 11.071761 3.543704 7.528057
 60750.000000 0.667657 10.209767 3.543704 6.666063
 60775.000000 0.650850 7.958217 3.543704 4.414512
 60800.000000 0.662670 9.619255 3.543704 6.075551
 60825.000000 0.649727 7.794611 3.543704 4.250907
 60850.000000 0.608882 3.176038 3.543704 -0.367666
 60875.000000 0.612941 3.557634 3.543704 0.013929
 60900.000000 0.615432 3.794915 3.543704 0.251211
 60925.000000 0.644378 7.032493 3.543704 3.488789
 60950.000000 0.654223 8.450697 3.543704 4.906993
 60975.000000 0.675171 10.901463 3.543704 7.357759
 61000.000000 0.667575 10.200833 3.626621 6.657129
 61025.000000 0.674776 11.318685 3.626621 7.692064
 61050.000000 0.671982 11.103782 3.626621 7.477161
 61075.000000 0.658472 9.487918 3.626621 5.861296
 61100.000000 0.641536 6.851190 3.626621 3.224569
 61125.000000 0.690175 11.946315 3.626621 8.319694
 61150.000000 0.673660 11.237667 3.626621 7.611046
 61175.000000 0.655177 8.982878 3.626621 5.356257
 61200.000000 0.670718 10.992744 3.626621 7.366123
 61225.000000 0.701015 12.161779 3.626621 8.535158
 61250.000000 0.707440 12.254271 3.626621 8.627650
 61275.000000 0.684762 11.801535 3.626621 8.174914
 61300.000000 0.661204 9.882777 3.626621 6.256156
 61325.000000 0.664569 10.327586 3.626621 6.700965
 61350.000000 0.687882 11.890605 3.626621 8.263984
 61375.000000 0.671666 11.076822 3.626621 7.450201
 61400.000000 0.694016 12.028635 3.626621 8.402014
 61425.000000 0.684023 11.777507 3.626621 8.150886
 61450.000000 0.667352 10.654196 3.626621 7.027575
 61475.000000 0.685447 11.822736 3.626621 8.196115
 61500.000000 0.617587 4.022774 3.652214 0.396153
 61525.000000 0.617927 4.547641 3.652214 0.895427
 61550.000000 0.657825 9.454966 3.652214 5.802752
 61575.000000 0.640854 7.001391 3.652214 3.349177
 61600.000000 0.608629 3.601856 3.652214 -0.050358
 61625.000000 0.627765 5.519456 3.652214 1.867242
 61650.000000 0.647444 7.912882 3.652214 4.260669
 61675.000000 0.671454 11.070650 3.652214 7.418436
 61700.000000 0.670835 11.016685 3.652214 7.364472
 61725.000000 0.634520 6.235392 3.652214 2.583178
 61750.000000 0.669630 10.905794 3.652214 7.253580
 61775.000000 0.642596 7.231605 3.652214 3.579391
 61800.000000 0.630428 5.792290 3.652214 2.140077
 61825.000000 0.630900 5.841706 3.652214 2.189492
 61850.000000 0.629818 5.728920 3.652214 2.076706
 61875.000000 0.689357 11.927196 3.652214 8.274983
 61900.000000 0.685782 11.833227 3.652214 8.181013
 61925.000000 0.703505 12.202858 3.652214 8.550644
 61950.000000 0.731788 11.606569 3.652214 7.954356
 61975.000000 0.730022 11.731564 3.652214 8.079350
 62000.000000 0.711575 12.279454 3.771580 8.627240
 62025.000000 0.705555 12.684572 3.771580 8.912992
 62050.000000 0.699877 12.540362 3.771580 8.768782
 62075.000000 0.686418 12.065469 3.771580 8.293888
 62100.000000 0.708541 12.732298 3.771580 8.960718
 62125.000000 0.697929 12.480231 3.771580 8.708651
 62150.000000 0.658688 9.592099 3.771580 5.820519
 62175.000000 0.619659 4.718788 3.771580 0.947208
 62200.000000 0.625363 5.279773 3.771580 1.508192
 62225.000000 0.615426 4.297705 3.771580 0.526125
 62250.000000 0.641552 7.092740 3.771580 3.321160
 62275.000000 0.606706 3.401501 3.771580 -0.370080
 62300.000000 0.623982 5.143678 3.771580 1.372098
 62325.000000 0.655317 9.095094 3.771580 5.323514
 62350.000000 0.670657 11.058343 3.771580 7.286762
 62375.000000 0.696177 12.423166 3.771580 8.651586
 62400.000000 0.722642 12.515421 3.771580 8.743841
 62425.000000 0.722319 12.530332 3.771580 8.758752
 62450.000000 0.715336 12.731973 3.771580 8.960393
 62475.000000 0.731160 11.945283 3.771580 8.173702
 62500.000000 0.724527 12.418213 3.888333 8.646632
 62525.000000 0.728275 12.640348 3.888333 8.752016
 62550.000000 0.720016 13.083154 3.888333 9.194822
 62575.000000 0.714074 13.157904 3.888333 9.269571
 62600.000000 0.723401 12.950646 3.888333 9.062314
 62625.000000 0.680435 11.822781 3.888333 7.934448
 62650.000000 0.687258 12.182490 3.888333 8.294157
 62675.000000 0.667178 10.703081 3.888333 6.814748
 62700.000000 0.686477 12.144625 3.888333 8.256292
 62725.000000 0.728366 12.633200 3.888333 8.744867
 62750.000000 0.708162 13.065828 3.888333 9.177495
 62775.000000 0.747214 10.350832 3.888333 6.462499
 62800.000000 0.708361 13.071108 3.888333 9.182775
 62825.000000 0.690305 12.326516 3.888333 8.438183
 62850.000000 0.671268 11.128677 3.888333 7.240345
 62875.000000 0.619513 4.704420 3.888333 0.816087
 62900.000000 0.632542 6.016970 3.888333 2.128637
 62925.000000 0.670715 11.075756 3.888333 7.187424
 62950.000000 0.650591 8.382070 3.888333 4.493737
 62975.000000 0.655504 9.123336 3.888333 5.235003
 63000.000000 0.686345 12.138165 4.003504 8.249833
 63025.000000 0.705382 13.280692 4.003504 9.277188
 63050.000000 0.687782 12.680010 4.003504 8.676506
 63075.000000 0.679837 12.235796 4.003504 8.232292
 63100.000000 0.673301 11.694192 4.003504 7.690687
 63125.000000 0.686220 12.605660 4.003504 8.602156
 63150.000000 0.685533 12.571279 4.003504 8.567774
 63175.000000 0.710596 13.347127 4.003504 9.343623
 63200.000000 0.665298 10.753223 4.003504 6.749719
 63225.000000 0.643504 7.402373 4.003504 3.398868
 63250.000000 0.669927 11.335557 4.003504 7.332052
 63275.000000 0.672043 11.567142 4.003504 7.563637
 63300.000000 0.626422 5.389242 4.003504 1.385737
 63325.000000 0.676356 11.971463 4.003504 7.967959
 63350.000000 0.675496 11.897794 4.003504 7.894290
 63375.000000 0.690101 12.782349 4.003504 8.778844
 63400.000000 0.669177 11.248120 4.003504 7.244615
 63425.000000 0.675996 11.941058 4.003504 7.937553
 63450.000000 0.671097 11.466438 4.003504 7.462933
 63475.000000 0.654777 9.149743 4.003504 5.146238
 63500.000000 0.653335 8.916973 4.069997 4.913469
 63525.000000 0.646960 8.368309 4.069997 4.298312
 63550.000000 0.646679 8.323559 4.069997 4.253562
 63575.000000 0.654649 9.608654 4.069997 5.538657
 63600.000000 0.650379 8.918792 4.069997 4.848796
 63625.000000 0.684858 12.674491 4.069997 8.604494
 63650.000000 0.702919 13.245083 4.069997 9.175086
 63675.000000 0.706291 13.311610 4.069997 9.241613
 63700.000000 0.699268 13.152323 4.069997 9.082326
 63725.000000 0.687007 12.759457 4.069997 8.689460
 63750.000000 0.714952 13.331439 4.069997 9.261442
 63775.000000 0.684705 12.668133 4.069997 8.598136
 63800.000000 0.687647 12.783361 4.069997 8.713365
 63825.000000 0.689207 12.839415 4.069997 8.769418
 63850.000000 0.682707 12.580213 4.069997 8.510216
 63875.000000 0.727926 12.720821 4.069997 8.650824
 63900.000000 0.717341 13.284046 4.069997 9.214049
 63925.000000 0.737474 11.718671 4.069997 7.648674
 63950.000000 0.722600 13.079323 4.069997 9.009326
 63975.000000 0.706238 13.310750 4.069997 9.240753
 64000.000000 0.697644 13.106323 4.202473 9.036326
 64025.000000 0.736597 11.897587 4.202473 7.695114
 64050.000000 0.706660 13.743278 4.202473 9.540805
 64075.000000 0.703124 13.703930 4.202473 9.501456
 64100.000000 0.717215 13.579003 4.202473 9.376530
 64125.000000 0.712094 13.717704 4.202473 9.515230
 64150.000000 0.723930 13.202221 4.202473 8.999748
 64175.000000 0.682246 12.908956 4.202473 8.706483
 64200.000000 0.684956 13.064020 4.202473 8.861547
 64225.000000 0.707147 13.745535 4.202473 9.543061
 64250.000000 0.737722 11.749768 4.202473 7.547295
 64275.000000 0.716232 13.615166 4.202473 9.412693
 64300.000000 0.700359 13.649013 4.202473 9.446540
 64325.000000 0.651723 9.169750 4.202473 4.967277
 64350.000000 0.630833 6.099496 4.202473 1.897022
 64375.000000 0.629947 5.993009 4.202473 1.790535
 64400.000000 0.640408 7.373482 4.202473 3.171008
 64425.000000 0.662002 10.815645 4.202473 6.613171
 64450.000000 0.657461 10.112873 4.202473 5.910400
 64475.000000 0.670934 11.967350 4.202473 7.764876
 64500.000000 0.655736 9.833053 4.277613 5.630579
 64525.000000 0.645810 8.624542 4.277613 4.346929
 64550.000000 0.623689 5.408925 4.277613 1.131312
 64575.000000 0.627115 5.833296 4.277613 1.555683
 64600.000000 0.618849 4.834203 4.277613 0.556590
 64625.000000 0.622378 5.250849 4.277613 0.973236
 64650.000000 0.630773 6.311343 4.277613 2.033730
 64675.000000 0.650181 9.374363 4.277613 5.096750
 64700.000000 0.674457 12.627613 4.277613 8.350000
 64725.000000 0.643858 8.295148 4.277613 4.017535
 64750.000000 0.664212 11.570139 4.277613 7.292526
 64775.000000 0.641839 7.961387 4.277613 3.683774
 64800.000000 0.631113 6.357268 4.277613 2.079655
 64825.000000 0.625702 5.655924 4.277613 1.378311
 64850.000000 0.642592 8.084853 4.277613 3.807240
 64875.000000 0.622106 5.218203 4.277613 0.940590
 64900.000000 0.642231 8.025413 4.277613 3.747800
 64925.000000 0.674477 12.629223 4.277613 8.351610
 64950.000000 0.643439 8.225234 4.277613 3.947620
 64975.000000 0.648951 9.162846 4.277613 4.885233
 65000.000000 0.688529 13.364423 4.410705 9.086810
 65025.000000 0.639455 7.601350 4.410705 3.190645
 65050.000000 0.598173 2.537717 4.410705 -1.872988
 65075.000000 0.627609 5.899845 4.410705 1.489140
 65100.000000 0.634800 6.886349 4.410705 2.475644
 65125.000000 0.629602 6.160472 4.410705 1.749767
 65150.000000 0.644005 8.358488 4.410705 3.947783
 65175.000000 0.633788 6.739106 4.410705 2.328401
 65200.000000 0.616018 4.506584 4.410705 0.095879
 65225.000000 0.622124 5.221369 4.410705 0.810664
 65250.000000 0.629507 6.147770 4.410705 1.737065
 65275.000000 0.621670 5.167072 4.410705 0.756367
 65300.000000 0.649467 9.320799 4.410705 4.910094
 65325.000000 0.662969 11.612502 4.410705 7.201797
 65350.000000 0.678466 13.318341 4.410705 8.907636
 65375.000000 0.669358 12.467145 4.410705 8.056440
 65400.000000 0.678254 13.303208 4.410705 8.892503
 65425.000000 0.622477 5.263826 4.410705 0.853121
 65450.000000 0.630707 6.308754 4.410705 1.898049
 65475.000000 0.627648 5.904889 4.410705 1.494184
 65500.000000 0.636757 7.179433 4.457942 2.768728
 65525.000000 0.658740 11.208643 4.457942 6.750701
 65550.000000 0.651455 10.046015 4.457942 5.588072
 65575.000000 0.662221 11.714464 4.457942 7.256522
 65600.000000 0.658259 11.135611 4.457942 6.677669
 65625.000000 0.711805 13.969362 4.457942 9.511420
 65650.000000 0.694308 14.003661 4.457942 9.545718
 65675.000000 0.684736 13.707791 4.457942 9.249849
 65700.000000 0.686646 13.784946 4.457942 9.327004
 65725.000000 0.682046 13.580851 4.457942 9.122909
 65750.000000 0.672752 12.929007 4.457942 8.471064
 65775.000000 0.633885 7.232358 4.457942 2.774416
 65800.000000 0.614102 4.541863 4.457942 0.083920
 65825.000000 0.619340 5.222782 4.457942 0.764839
 65850.000000 0.614913 4.646087 4.457942 0.188145
 65875.000000 0.587289 1.546691 4.457942 -2.911251
 65900.000000 0.606483 3.583793 4.457942 -0.874150
 65925.000000 0.587075 1.528631 4.457942 -2.929311
 65950.000000 0.599026 2.706927 4.457942 -1.751015
 65975.000000 0.616003 4.787063 4.457942 0.329120
 66000.000000 0.645697 9.090215 4.522824 4.632273
 66025.000000 0.674497 13.249285 4.522824 8.726462
 66050.000000 0.686367 13.834246 4.522824 9.311422
 66075.000000 0.674261 13.232671 4.522824 8.709848
 66100.000000 0.651145 10.457452 4.522824 5.934628
 66125.000000 0.646202 9.653737 4.522824 5.130914
 66150.000000 0.648645 10.054573 4.522824 5.531749
 66175.000000 0.638313 8.351320 4.522824 3.828496
 66200.000000 0.654602 10.995222 4.522824 6.472398
 66225.000000 0.590076 1.801677 4.522824 -2.721146
 66250.000000 0.621940 5.803748 4.522824 1.280925
 66275.000000 0.638626 8.402638 4.522824 3.879814
 66300.000000 0.657986 11.491227 4.522824 6.968403
 66325.000000 0.678542 13.501447 4.522824 8.978624
 66350.000000 0.710771 13.999501 4.522824 9.476677
 66375.000000 0.714791 13.863829 4.522824 9.341006
 66400.000000 0.711344 13.983873 4.522824 9.461049
 66425.000000 0.702629 14.101083 4.522824 9.578259
 66450.000000 0.628560 6.800591 4.522824 2.277767
 66475.000000 0.638301 8.349426 4.522824 3.826602
 66500.000000 0.549077 0.056657 4.530385 -4.466167
 66525.000000 0.559900 0.625175 4.530385 -3.905210
 66550.000000 0.583034 1.331176 4.530385 -3.199210
 66575.000000 0.615215 4.835858 4.530385 0.305473
 66600.000000 0.603114 3.239002 4.530385 -1.291383
 66625.000000 0.653656 10.850716 4.530385 6.320331
 66650.000000 0.620266 5.558340 4.530385 1.027954
 66675.000000 0.613141 4.547792 4.530385 0.017407
 66700.000000 0.608497 3.922117 4.530385 -0.608268
 66725.000000 0.640377 8.689891 4.530385 4.159506
 66750.000000 0.669316 12.828822 4.530385 8.298436
 66775.000000 0.626561 6.494921 4.530385 1.964536
 66800.000000 0.656100 11.219052 4.530385 6.688666
 66825.000000 0.642251 8.999570 4.530385 4.469185
 66850.000000 0.641366 8.853116 4.530385 4.322731
 66875.000000 0.600036 2.873909 4.530385 -1.656477
 66900.000000 0.580228 1.166208 4.530385 -3.364177
 66925.000000 0.641030 8.797559 4.530385 4.267174
 66950.000000 0.633454 7.566791 4.530385 3.036406
 66975.000000 0.574225 0.897814 4.530385 -3.632571
 67000.000000 0.557093 0.605549 4.538906 -3.924837
 67025.000000 0.546060 0.960488 4.538906 -3.578419
 67050.000000 0.564794 1.139357 4.538906 -3.399549
 67075.000000 0.567495 1.155116 4.538906 -3.383791
 67100.000000 0.581012 1.453071 4.538906 -3.085835
 67125.000000 0.587581 1.810523 4.538906 -2.728383
 67150.000000 0.620304 5.566346 4.538906 1.027439
 67175.000000 0.620083 5.534263 4.538906 0.995357
 67200.000000 0.623343 6.012641 4.538906 1.473735
 67225.000000 0.585784 1.696280 4.538906 -2.842626
 67250.000000 0.570115 1.178811 4.538906 -3.360096
 67275.000000 0.587237 1.787717 4.538906 -2.751189
 67300.000000 0.604977 3.496906 4.538906 -1.042001
 67325.000000 0.632067 7.347157 4.538906 2.808251
 67350.000000 0.638049 8.308330 4.538906 3.769424
 67375.000000 0.636400 8.040256 4.538906 3.501350
 67400.000000 0.633328 7.546767 4.538906 3.007861
 67425.000000 0.638265 8.343567 4.538906 3.804661
 67450.000000 0.625430 6.324341 4.538906 1.785434
 67475.000000 0.657135 11.369805 4.538906 6.830898
 67500.000000 0.654289 10.947598 4.623697 6.408692
 67525.000000 0.632871 7.742121 4.623697 3.118424
 67550.000000 0.609785 4.146551 4.623697 -0.477146
 67575.000000 0.629765 7.210894 4.623697 2.587197
 67600.000000 0.614478 4.805026 4.623697 0.181329
 67625.000000 0.624126 6.281230 4.623697 1.657533
 67650.000000 0.591063 2.068683 4.623697 -2.555014
 67675.000000 0.620755 5.748051 4.623697 1.124354
 67700.000000 0.601511 3.101437 4.623697 -1.522260
 67725.000000 0.632388 7.658867 4.623697 3.035171
 67750.000000 0.637611 8.572983 4.623697 3.949286
 67775.000000 0.620579 5.720558 4.623697 1.096862
 67800.000000 0.633920 7.924125 4.623697 3.300428
 67825.000000 0.594597 2.375495 4.623697 -2.248202
 67850.000000 0.632532 7.683720 4.623697 3.060023
 67875.000000 0.597352 2.645999 4.623697 -1.977698
 67900.000000 0.615969 5.022746 4.623697 0.399049
 67925.000000 0.600047 2.935070 4.623697 -1.688627
 67950.000000 0.625843 6.559041 4.623697 1.935344
 67975.000000 0.642382 9.420046 4.623697 4.796349
 68000.000000 0.650933 10.893129 4.706475 6.269432
 68025.000000 0.642077 9.797431 4.706475 5.090957
 68050.000000 0.631478 7.798796 4.706475 3.092322
 68075.000000 0.616069 5.141131 4.706475 0.434656
 68100.000000 0.608202 3.981862 4.706475 -0.724613
 68125.000000 0.616538 5.214813 4.706475 0.508339
 68150.000000 0.635751 8.601591 4.706475 3.895116
 68175.000000 0.629474 7.429246 4.706475 2.722771
 68200.000000 0.603885 3.413026 4.706475 -1.293449
 68225.000000 0.604608 3.504574 4.706475 -1.201900
 68250.000000 0.611660 4.473168 4.706475 -0.233306
 68275.000000 0.653610 11.791543 4.706475 7.085069
 68300.000000 0.627555 7.080805 4.706475 2.374331
 68325.000000 0.613642 4.767733 4.706475 0.061259
 68350.000000 0.616627 5.228941 4.706475 0.522467
 68375.000000 0.609860 4.213775 4.706475 -0.492699
 68400.000000 0.607970 3.949908 4.706475 -0.756567
 68425.000000 0.597197 2.642095 4.706475 -2.064380
 68450.000000 0.583213 1.555167 4.706475 -3.151308
 68475.000000 0.561854 1.126969 4.706475 -3.579506
 68500.000000 0.583437 1.566619 4.718326 -3.139855
 68525.000000 0.602897 3.599148 4.718326 -1.119178
 68550.000000 0.583745 2.079084 4.718326 -2.639242
 68575.000000 0.623029 6.354326 4.718326 1.636000
 68600.000000 0.636767 8.807421 4.718326 4.089095
 68625.000000 0.629124 7.400952 4.718326 2.682626
 68650.000000 0.602346 3.540351 4.718326 -1.177975
 68675.000000 0.602442 3.550541 4.718326 -1.167785
 68700.000000 0.629228 7.419409 4.718326 2.701083
 68725.000000 0.638923 9.212517 4.718326 4.494191
 68750.000000 0.650839 11.354638 4.718326 6.636312
 68775.000000 0.664470 13.121835 4.718326 8.403509
 68800.000000 0.654009 11.851654 4.718326 7.133328
 68825.000000 0.626245 6.896052 4.718326 2.177726
 68850.000000 0.625962 6.847450 4.718326 2.129124
 68875.000000 0.609543 4.380187 4.718326 -0.338139
 68900.000000 0.615028 5.121019 4.718326 0.402693
 68925.000000 0.612825 4.813215 4.718326 0.094889
 68950.000000 0.583548 2.068879 4.718326 -2.649447
 68975.000000 0.617106 5.424531 4.718326 0.706205
 69000.000000 0.634774 8.434114 4.774460 3.715788
 69025.000000 0.646031 10.938331 4.774460 6.163872
 69050.000000 0.633433 8.665397 4.774460 3.890937
 69075.000000 0.619400 6.131409 4.774460 1.356949
 69100.000000 0.588717 2.405710 4.774460 -2.368749
 69125.000000 0.588015 2.357478 4.774460 -2.416982
 69150.000000 0.581906 2.001245 4.774460 -2.773215
 69175.000000 0.556883 1.307941 4.774460 -3.466518
 69200.000000 0.570592 1.590033 4.774460 -3.184426
 69225.000000 0.569769 1.569496 4.774460 -3.204963
 69250.000000 0.624084 6.946725 4.774460 2.172266
 69275.000000 0.662917 13.151128 4.774460 8.376669
 69300.000000 0.647972 11.257520 4.774460 6.483061
 69325.000000 0.662154 13.082543 4.774460 8.308083
 69350.000000 0.672869 13.776980 4.774460 9.002520
 69375.000000 0.668054 13.533627 4.774460 8.759167
 69400.000000 0.628406 7.731025 4.774460 2.956565
 69425.000000 0.626088 7.307096 4.774460 2.532636
 69450.000000 0.636091 9.161094 4.774460 4.386635
 69475.000000 0.636479 9.233108 4.774460 4.458648
 69500.000000 0.630273 8.076459 4.826177 3.302000
 69525.000000 0.657159 12.749953 4.826177 7.923776
 69550.000000 0.662699 13.260745 4.826177 8.434568
 69575.000000 0.657443 12.779896 4.826177 7.953719
 69600.000000 0.666725 13.538531 4.826177 8.712354
 69625.000000 0.639515 10.225239 4.826177 5.399062
 69650.000000 0.608167 4.667245 4.826177 -0.158932
 69675.000000 0.598537 3.386604 4.826177 -1.439572
 69700.000000 0.600470 3.614726 4.826177 -1.211451
 69725.000000 0.610990 5.106956 4.826177 0.280780
 69750.000000 0.608974 4.790260 4.826177 -0.035916
 69775.000000 0.562790 1.422437 4.826177 -3.403740
 69800.000000 0.562899 1.424556 4.826177 -3.401621
 69825.000000 0.580317 1.946475 4.826177 -2.879701
 69850.000000 0.603423 3.991752 4.826177 -0.834425
 69875.000000 0.598231 3.351951 4.826177 -1.474226
 69900.000000 0.606476 4.416986 4.826177 -0.409191
 69925.000000 0.606405 4.406663 4.826177 -0.419513
 69950.000000 0.656582 12.688108 4.826177 7.861931
 69975.000000 0.639421 10.209177 4.826177 5.383000
 70000.000000 0.621702 6.966493 4.867802 2.140316
 70025.000000 0.587531 2.485382 4.867802 -2.382420
 70050.000000 0.590791 2.771304 4.867802 -2.096498
 70075.000000 0.586442 2.399571 4.867802 -2.468231
 70100.000000 0.613202 5.911253 4.867802 1.043451
 70125.000000 0.632036 9.309047 4.867802 4.441245
 70150.000000 0.601159 3.985288 4.867802 -0.882514
 70175.000000 0.652475 12.349679 4.867802 7.481877
 70200.000000 0.651385 12.220524 4.867802 7.352722
 70225.000000 0.684859 14.075734 4.867802 9.207933
 70250.000000 0.672085 13.816795 4.867802 8.948993
 70275.000000 0.695537 14.147174 4.867802 9.279372
 70300.000000 0.695440 14.146861 4.867802 9.279059
 70325.000000 0.663706 13.389864 4.867802 8.522062
 70350.000000 0.618527 6.869150 4.867802 2.001348
 70375.000000 0.588756 2.587642 4.867802 -2.280160
 70400.000000 0.567367 1.527869 4.867802 -3.339933
 70425.000000 0.575813 1.791233 4.867802 -3.076569
 70450.000000 0.589430 2.646588 4.867802 -2.221214
 70475.000000 0.601940 4.095314 4.867802 -0.772488
 70500.000000 0.600913 3.951202 4.889978 -0.916600
 70525.000000 0.611052 5.969309 4.889978 1.079332
 70550.000000 0.615775 6.742059 4.889978 1.852081
 70575.000000 0.606733 5.291268 4.889978 0.401291
 70600.000000 0.627113 8.645003 4.889978 3.755025
 70625.000000 0.631388 9.349516 4.889978 4.459538
 70650.000000 0.645902 11.542684 4.889978 6.652706
 70675.000000 0.652387 12.356411 4.889978 7.466433
 70700.000000 0.670604 13.760966 4.889978 8.870989
 70725.000000 0.640562 10.782624 4.889978 5.892646
 70750.000000 0.624453 8.200290 4.889978 3.310312
 70775.000000 0.633043 9.617358 4.889978 4.727381
 70800.000000 0.632626 9.550151 4.889978 4.660173
 70825.000000 0.660017 13.114408 4.889978 8.224430
 70850.000000 0.640292 10.742598 4.889978 5.852621
 70875.000000 0.683890 14.065520 4.889978 9.175542
 70900.000000 0.710925 14.007540 4.889978 9.117562
 70925.000000 0.660193 13.128991 4.889978 8.239013
 70950.000000 0.664195 13.424961 4.889978 8.534984
 70975.000000 0.645679 11.512475 4.889978 6.622497
 71000.000000 0.613007 6.285883 4.924632 1.395905
 71025.000000 0.597859 4.398292 4.924632 -0.526340
 71050.000000 0.595928 4.127370 4.924632 -0.797262
 71075.000000 0.613320 6.823147 4.924632 1.898515
 71100.000000 0.599961 4.704766 4.924632 -0.219866
 71125.000000 0.629128 9.330200 4.924632 4.405568
 71150.000000 0.630064 9.470755 4.924632 4.546122
 71175.000000 0.652231 12.408780 4.924632 7.484147
 71200.000000 0.614538 7.021912 4.924632 2.097279
 71225.000000 0.639266 10.793788 4.924632 5.869156
 71250.000000 0.631215 9.642273 4.924632 4.717641
 71275.000000 0.670165 13.750186 4.924632 8.825554
 71300.000000 0.641960 11.157918 4.924632 6.233286
 71325.000000 0.667526 13.630995 4.924632 8.706363
 71350.000000 0.686951 14.095250 4.924632 9.170618
 71375.000000 0.683113 14.056791 4.924632 9.132158
 71400.000000 0.687490 14.099793 4.924632 9.175161
 71425.000000 0.686315 14.089655 4.924632 9.165023
 71450.000000 0.685683 14.083844 4.924632 9.159211
 71475.000000 0.665772 13.537248 4.924632 8.612616
 71500.000000 0.678929 13.996728 5.058325 9.072096
 71525.000000 0.674358 14.350376 5.058325 9.292051
 71550.000000 0.675054 14.372739 5.058325 9.314414
 71575.000000 0.673410 14.317214 5.058325 9.258889
 71600.000000 0.667444 14.025070 5.058325 8.966746
 71625.000000 0.665096 13.867430 5.058325 8.809105
 71650.000000 0.672100 14.265624 5.058325 9.207300
 71675.000000 0.662610 13.674005 5.058325 8.615681
 71700.000000 0.645465 11.727996 5.058325 6.669671
 71725.000000 0.627754 9.138617 5.058325 4.080293
 71750.000000 0.646729 11.898372 5.058325 6.840048
 71775.000000 0.657296 13.173816 5.058325 8.115492
 71800.000000 0.653019 12.695244 5.058325 7.636919
 71825.000000 0.644481 11.593466 5.058325 6.535142
 71850.000000 0.646579 11.878382 5.058325 6.820058
 71875.000000 0.664345 13.811747 5.058325 8.753423
 71900.000000 0.663946 13.781143 5.058325 8.722819
 71925.000000 0.633650 10.034960 5.058325 4.976635
 71950.000000 0.628499 9.253686 5.058325 4.195362
 71975.000000 0.597726 4.379220 5.058325 -0.679105
 72000.000000 0.586610 2.995655 5.074445 -2.062669
 72025.000000 0.573402 2.355312 5.074445 -2.719133
 72050.000000 0.572453 2.292347 5.074445 -2.782097
 72075.000000 0.631761 9.789043 5.074445 4.714598
 72100.000000 0.657990 13.245484 5.074445 8.171039
 72125.000000 0.654222 12.836377 5.074445 7.761932
 72150.000000 0.624817 8.759550 5.074445 3.685105
 72175.000000 0.619027 7.887056 5.074445 2.812611
 72200.000000 0.591657 4.048508 5.074445 -1.025937
 72225.000000 0.603134 5.537067 5.074445 0.462622
 72250.000000 0.598376 4.887361 5.074445 -0.187083
 72275.000000 0.591691 4.052451 5.074445 -1.021993
 72300.000000 0.590999 3.972026 5.074445 -1.102418
 72325.000000 0.593094 4.219071 5.074445 -0.855374
 72350.000000 0.627662 9.183545 5.074445 4.109101
 72375.000000 0.598857 4.951131 5.074445 -0.123313
 72400.000000 0.621828 8.310417 5.074445 3.235973
 72425.000000 0.602453 5.441709 5.074445 0.367264
 72450.000000 0.582762 3.108075 5.074445 -1.966370
 72475.000000 0.592367 4.132183 5.074445 -0.942261
 72500.000000 0.612228 6.862523 5.110665 1.788078
 72525.000000 0.588752 3.961522 5.110665 -1.149142
 72550.000000 0.566238 1.967580 5.110665 -3.143085
 72575.000000 0.582800 3.275212 5.110665 -1.835453
 72600.000000 0.561753 1.742256 5.110665 -3.368409
 72625.000000 0.583341 3.332932 5.110665 -1.777733
 72650.000000 0.594950 4.780301 5.110665 -0.330364
 72675.000000 0.633737 10.349286 5.110665 5.238621
 72700.000000 0.624195 9.071672 5.110665 3.961007
 72725.000000 0.599834 5.482343 5.110665 0.371678
 72750.000000 0.603058 5.962778 5.110665 0.852114
 72775.000000 0.624856 9.162413 5.110665 4.051749
 72800.000000 0.625388 9.235194 5.110665 4.124529
 72825.000000 0.631325 10.032100 5.110665 4.921435
 72850.000000 0.604205 6.135615 5.110665 1.024950
 72875.000000 0.566955 2.007535 5.110665 -3.103130
 72900.000000 0.560400 1.681141 5.110665 -3.429524
 72925.000000 0.546031 1.120026 5.110665 -3.990638
 72950.000000 0.593193 4.539043 5.110665 -0.571621
 72975.000000 0.636703 10.736154 5.110665 5.625489
 73000.000000 0.630787 9.960792 5.174972 4.850127
 73025.000000 0.639414 11.521844 5.174972 6.346872
 73050.000000 0.652598 12.972115 5.174972 7.797143
 73075.000000 0.662894 13.847319 5.174972 8.672347
 73100.000000 0.622153 9.223560 5.174972 4.048588
 73125.000000 0.649293 12.634873 5.174972 7.459901
 73150.000000 0.631908 10.586499 5.174972 5.411527
 73175.000000 0.619022 8.746204 5.174972 3.571232
 73200.000000 0.591582 4.393229 5.174972 -0.781743
 73225.000000 0.590527 4.248798 5.174972 -0.926174
 73250.000000 0.593426 4.653343 5.174972 -0.521629
 73275.000000 0.615804 8.238242 5.174972 3.063270
 73300.000000 0.634538 10.924080 5.174972 5.749108
 73325.000000 0.669314 14.214139 5.174972 9.039167
 73350.000000 0.665540 14.017079 5.174972 8.842107
 73375.000000 0.639861 11.574900 5.174972 6.399929
 73400.000000 0.659567 13.599348 5.174972 8.424377
 73425.000000 0.647999 12.497282 5.174972 7.322310
 73450.000000 0.628875 10.182409 5.174972 5.007438
 73475.000000 0.590741 4.277722 5.174972 -0.897250
 73500.000000 0.586170 3.689196 5.193436 -1.485776
 73525.000000 0.565063 2.187283 5.193436 -3.006153
 73550.000000 0.539048 0.888768 5.193436 -4.304667
 73575.000000 0.631807 10.608858 5.193436 5.415422
 73600.000000 0.665822 14.033684 5.193436 8.840249
 73625.000000 0.657265 13.406715 5.193436 8.213279
 73650.000000 0.652093 12.923232 5.193436 7.729796
 73675.000000 0.654896 13.193240 5.193436 7.999804
 73700.000000 0.642773 11.923014 5.193436 6.729578
 73725.000000 0.598706 5.852136 5.193436 0.658700
 73750.000000 0.616128 8.449584 5.193436 3.256148
 73775.000000 0.630055 10.384999 5.193436 5.191563
 73800.000000 0.630602 10.455315 5.193436 5.261879
 73825.000000 0.618117 8.741613 5.193436 3.548177
 73850.000000 0.605034 6.783964 5.193436 1.590528
 73875.000000 0.601506 6.259845 5.193436 1.066409
 73900.000000 0.605697 6.883284 5.193436 1.689848
 73925.000000 0.614887 8.265579 5.193436 3.072143
 73950.000000 0.578119 3.284422 5.193436 -1.909014
 73975.000000 0.610231 7.567075 5.193436 2.373639
 74000.000000 0.612802 7.954199 5.236076 2.760763
 74025.000000 0.591554 5.137659 5.236076 -0.098417
 74050.000000 0.571198 2.701710 5.236076 -2.534366
 74075.000000 0.563824 2.128457 5.236076 -3.107619
 74100.000000 0.558131 1.778369 5.236076 -3.457708
 74125.000000 0.554354 1.577350 5.236076 -3.658726
 74150.000000 0.572036 2.777021 5.236076 -2.459055
 74175.000000 0.596691 5.913775 5.236076 0.677698
 74200.000000 0.634927 11.258667 5.236076 6.022591
 74225.000000 0.650739 12.865948 5.236076 7.629871
 74250.000000 0.655995 13.340004 5.236076 8.103928
 74275.000000 0.650990 12.889613 5.236076 7.653537
 74300.000000 0.645423 12.347204 5.236076 7.111128
 74325.000000 0.591591 5.143026 5.236076 -0.093050
 74350.000000 0.592030 5.207602 5.236076 -0.028474
 74375.000000 0.617420 9.109622 5.236076 3.873546
 74400.000000 0.638580 11.646757 5.236076 6.410680
 74425.000000 0.609282 7.898851 5.236076 2.662775
 74450.000000 0.614866 8.742404 5.236076 3.506328
 74475.000000 0.603465 6.982292 5.236076 1.746216
 74500.000000 0.599925 6.420629 5.267426 1.184553
 74525.000000 0.563059 2.165469 5.267426 -3.101957
 74550.000000 0.584792 4.561277 5.267426 -0.706149
 74575.000000 0.629835 10.850342 5.267426 5.582915
 74600.000000 0.643676 12.214715 5.267426 6.947288
 74625.000000 0.636866 11.553767 5.267426 6.286341
 74650.000000 0.612690 8.816104 5.267426 3.548678
 74675.000000 0.604942 7.687535 5.267426 2.420108
 74700.000000 0.595798 6.251484 5.267426 0.984058
 74725.000000 0.611888 8.705066 5.267426 3.437640
 74750.000000 0.591414 5.560845 5.267426 0.293419
 74775.000000 0.600239 6.956077 5.267426 1.688651
 74800.000000 0.611718 8.681414 5.267426 3.413988
 74825.000000 0.618605 9.589116 5.267426 4.321689
 74850.000000 0.661419 13.769680 5.267426 8.502254
 74875.000000 0.657437 13.467634 5.267426 8.200207
 74900.000000 0.665366 14.022423 5.267426 8.754996
 74925.000000 0.673699 14.381830 5.267426 9.114403
 74950.000000 0.655808 13.332892 5.267426 8.065466
 74975.000000 0.600113 6.936158 5.267426 1.668732
 75000.000000 0.591869 5.631803 5.293843 0.364377
 75025.000000 0.608682 8.588990 5.293843 3.295147
 75050.000000 0.578076 4.037476 5.293843 -1.256367
 75075.000000 0.573670 3.456986 5.293843 -1.836858
 75100.000000 0.564592 2.474342 5.293843 -2.819501
 75125.000000 0.562150 2.260202 5.293843 -3.033642
 75150.000000 0.569024 2.916653 5.293843 -2.377191
 75175.000000 0.576329 3.800128 5.293843 -1.493715
 75200.000000 0.589389 5.731576 5.293843 0.437732
 75225.000000 0.618635 9.791333 5.293843 4.497489
 75250.000000 0.640021 11.886822 5.293843 6.592979
 75275.000000 0.659530 13.632423 5.293843 8.338579
 75300.000000 0.626509 10.608338 5.293843 5.314495
 75325.000000 0.636603 11.567136 5.293843 6.273293
 75350.000000 0.615064 9.384377 5.293843 4.090533
 75375.000000 0.572514 3.315334 5.293843 -1.978509
 75400.000000 0.580573 4.391034 5.293843 -0.902810
 75425.000000 0.585465 5.122260 5.293843 -0.171583
 75450.000000 0.608830 8.608465 5.293843 3.314622
 75475.000000 0.623258 10.282894 5.293843 4.989050
 75500.000000 0.633433 11.270028 5.371166 5.976185
 75525.000000 0.628936 11.307501 5.371166 5.936335
 75550.000000 0.612011 9.282910 5.371166 3.911744
 75575.000000 0.598191 7.195308 5.371166 1.824142
 75600.000000 0.611941 9.273310 5.371166 3.902145
 75625.000000 0.610336 9.047685 5.371166 3.676519
 75650.000000 0.588862 5.687928 5.371166 0.316762
 75675.000000 0.592686 6.305841 5.371166 0.934676
 75700.000000 0.558505 1.976017 5.371166 -3.395149
 75725.000000 0.582747 4.728858 5.371166 -0.642308
 75750.000000 0.575808 3.737588 5.371166 -1.633578
 75775.000000 0.624218 10.808006 5.371166 5.436841
 75800.000000 0.637859 12.148501 5.371166 6.777335
 75825.000000 0.629322 11.346432 5.371166 5.975266
 75850.000000 0.656844 13.659936 5.371166 8.288771
 75875.000000 0.639845 12.321975 5.371166 6.950810
 75900.000000 0.632200 11.628703 5.371166 6.257538
 75925.000000 0.611830 9.257885 5.371166 3.886719
 75950.000000 0.568947 2.910119 5.371166 -2.461046
 75975.000000 0.578309 4.079652 5.371166 -1.291513
 76000.000000 0.599569 7.415507 5.407415 2.044342
 76025.000000 0.593747 6.941310 5.407415 1.533895
 76050.000000 0.601260 8.165180 5.407415 2.757766
 76075.000000 0.613815 9.904564 5.407415 4.497149
 76100.000000 0.653935 13.466628 5.407415 8.059213
 76125.000000 0.647131 12.959535 5.407415 7.552120
 76150.000000 0.669923 14.337655 5.407415 8.930241
 76175.000000 0.682044 14.549243 5.407415 9.141828
 76200.000000 0.674384 14.458725 5.407415 9.051310
 76225.000000 0.676418 14.496588 5.407415 9.089173
 76250.000000 0.668038 14.269994 5.407415 8.862579
 76275.000000 0.675523 14.481227 5.407415 9.073812
 76300.000000 0.678265 14.521833 5.407415 9.114418
 76325.000000 0.653256 13.418215 5.407415 8.010801
 76350.000000 0.647819 13.012578 5.407415 7.605164
 76375.000000 0.635333 12.018552 5.407415 6.611138
 76400.000000 0.652673 13.376126 5.407415 7.968711
 76425.000000 0.671291 14.380658 5.407415 8.973244
 76450.000000 0.630247 11.587207 5.407415 6.179792
 76475.000000 0.646449 12.906688 5.407415 7.499273
 76500.000000 0.649071 13.108261 5.513090 7.700846
 76525.000000 0.655333 14.013556 5.513090 8.500467
 76550.000000 0.645680 13.311624 5.513090 7.798534
 76575.000000 0.648087 13.504170 5.513090 7.991080
 76600.000000 0.689944 14.592451 5.513090 9.079361
 76625.000000 0.675085 14.674812 5.513090 9.161723
 76650.000000 0.655995 14.053986 5.513090 8.540897
 76675.000000 0.675463 14.677023 5.513090 9.163933
 76700.000000 0.661512 14.344824 5.513090 8.831734
 76725.000000 0.684395 14.651669 5.513090 9.138580
 76750.000000 0.682222 14.668515 5.513090 9.155426
 76775.000000 0.717342 13.820886 5.513090 8.307797
 76800.000000 0.689559 14.597188 5.513090 9.084098
 76825.000000 0.692545 14.558137 5.513090 9.045047
 76850.000000 0.666987 14.543083 5.513090 9.029993
 76875.000000 0.638939 12.726870 5.513090 7.213780
 76900.000000 0.627772 11.633675 5.513090 6.120585
 76925.000000 0.605768 8.883307 5.513090 3.370218
 76950.000000 0.580944 4.772993 5.513090 -0.740096
 76975.000000 0.573540 3.652119 5.513090 -1.860970
 77000.000000 0.570232 3.216189 5.528793 -2.296901
 77025.000000 0.613603 10.022024 5.528793 4.493231
 77050.000000 0.597856 7.829627 5.528793 2.300834
 77075.000000 0.615715 10.283218 5.528793 4.754425
 77100.000000 0.620963 10.901184 5.528793 5.372391
 77125.000000 0.662917 14.404300 5.528793 8.875507
 77150.000000 0.667294 14.551430 5.528793 9.022637
 77175.000000 0.681523 14.672984 5.528793 9.144191
 77200.000000 0.691894 14.567028 5.528793 9.038235
 77225.000000 0.656461 14.081820 5.528793 8.553027
 77250.000000 0.666288 14.522939 5.528793 8.994146
 77275.000000 0.669700 14.606811 5.528793 9.078018
 77300.000000 0.681899 14.670664 5.528793 9.141871
 77325.000000 0.656440 14.080576 5.528793 8.551783
 77350.000000 0.654730 13.975727 5.528793 8.446934
 77375.000000 0.676489 14.681419 5.528793 9.152626
 77400.000000 0.647543 13.461519 5.528793 7.932726
 77425.000000 0.628991 11.766564 5.528793 6.237771
 77450.000000 0.639415 12.770344 5.528793 7.241551
 77475.000000 0.617246 10.468024 5.528793 4.939231
 77500.000000 0.607124 9.171478 5.577408 3.642685
 77525.000000 0.600986 8.756198 5.577408 3.178790
 77550.000000 0.597293 8.169346 5.577408 2.591938
 77575.000000 0.584715 6.034583 5.577408 0.457176
 77600.000000 0.605821 9.470599 5.577408 3.893191
 77625.000000 0.635429 12.577195 5.577408 6.999788
 77650.000000 0.663381 14.430932 5.577408 8.853525
 77675.000000 0.687632 14.619597 5.577408 9.042189
 77700.000000 0.654265 13.974869 5.577408 8.397461
 77725.000000 0.650322 13.719090 5.577408 8.141683
 77750.000000 0.646058 13.413822 5.577408 7.836415
 77775.000000 0.681634 14.672318 5.577408 9.094910
 77800.000000 0.654032 13.960595 5.577408 8.383187
 77825.000000 0.634828 12.527467 5.577408 6.950060
 77850.000000 0.640661 12.998604 5.577408 7.421196
 77875.000000 0.630069 12.124313 5.577408 6.546905
 77900.000000 0.633732 12.436155 5.577408 6.858748
 77925.000000 0.641524 13.066547 5.577408 7.489139
 77950.000000 0.630313 12.145494 5.577408 6.568087
 77975.000000 0.578978 5.084194 5.577408 -0.493214
 78000.000000 0.580801 5.379622 5.601684 -0.197785
 78025.000000 0.603910 9.446085 5.601684 3.844401
 78050.000000 0.569230 4.077159 5.601684 -1.524525
 78075.000000 0.611580 10.381578 5.601684 4.779894
 78100.000000 0.572649 4.576675 5.601684 -1.025009
 78125.000000 0.590143 7.404248 5.601684 1.802563
 78150.000000 0.606481 9.776450 5.601684 4.174766
 78175.000000 0.620484 11.297734 5.601684 5.696050
 78200.000000 0.608356 10.006443 5.601684 4.404759
 78225.000000 0.607488 9.900975 5.601684 4.299291
 78250.000000 0.651744 13.814677 5.601684 8.212993
 78275.000000 0.666203 14.525575 5.601684 8.923891
 78300.000000 0.693313 14.547564 5.601684 8.945880
 78325.000000 0.656290 14.094138 5.601684 8.492453
 78350.000000 0.608488 10.022310 5.601684 4.420626
 78375.000000 0.616716 10.928768 5.601684 5.327084
 78400.000000 0.606234 9.745417 5.601684 4.143733
 78425.000000 0.596096 8.336994 5.601684 2.735310
 78450.000000 0.596284 8.365464 5.601684 2.763780
 78475.000000 0.546131 1.599320 5.601684 -4.002364
 78500.000000 0.597526 8.550989 5.643388 2.949305
 78525.000000 0.550417 1.977713 5.643388 -3.665675
 78550.000000 0.562833 3.339535 5.643388 -2.303853
 78575.000000 0.582028 6.425696 5.643388 0.782309
 78600.000000 0.544794 1.512869 5.643388 -4.130519
 78625.000000 0.576261 5.407890 5.643388 -0.235498
 78650.000000 0.580617 6.173886 5.643388 0.530498
 78675.000000 0.566573 3.856148 5.643388 -1.787240
 78700.000000 0.557545 2.696352 5.643388 -2.947036
 78725.000000 0.614481 11.033156 5.643388 5.389769
 78750.000000 0.632870 12.479655 5.643388 6.836267
 78775.000000 0.654229 13.980440 5.643388 8.337052
 78800.000000 0.635083 12.641733 5.643388 6.998345
 78825.000000 0.660876 14.330162 5.643388 8.686774
 78850.000000 0.661401 14.353042 5.643388 8.709654
 78875.000000 0.633674 12.538517 5.643388 6.895129
 78900.000000 0.635226 12.652191 5.643388 7.008803
 78925.000000 0.586137 7.157673 5.643388 1.514286
 78950.000000 0.610932 10.692513 5.643388 5.049125
 78975.000000 0.594176 8.517662 5.643388 2.874274
 79000.000000 0.583928 6.764843 5.673808 1.121455
 79025.000000 0.588282 8.007535 5.673808 2.333728
 79050.000000 0.584660 7.380209 5.673808 1.706401
 79075.000000 0.566823 4.228778 5.673808 -1.445029
 79100.000000 0.592443 8.680811 5.673808 3.007004
 79125.000000 0.617065 11.384606 5.673808 5.710798
 79150.000000 0.638295 12.887980 5.673808 7.214173
 79175.000000 0.671233 14.635631 5.673808 8.961824
 79200.000000 0.658108 14.197325 5.673808 8.523517
 79225.000000 0.664905 14.485677 5.673808 8.811870
 79250.000000 0.679135 14.682637 5.673808 9.008830
 79275.000000 0.673024 14.658546 5.673808 8.984738
 79300.000000 0.647547 13.546570 5.673808 7.872763
 79325.000000 0.619321 11.552295 5.673808 5.878487
 79350.000000 0.616064 11.307970 5.673808 5.634163
 79375.000000 0.639819 12.996884 5.673808 7.323076
 79400.000000 0.632975 12.510481 5.673808 6.836673
 79425.000000 0.631295 12.392740 5.673808 6.718933
 79450.000000 0.657471 14.163975 5.673808 8.490167
 79475.000000 0.653312 13.924940 5.673808 8.251133
 79500.000000 0.677283 14.683316 5.806128 9.009508
 79525.000000 0.642631 13.302494 5.806128 7.496365
 79550.000000 0.621263 11.701176 5.806128 5.895047
 79575.000000 0.613213 11.082685 5.806128 5.276556
 79600.000000 0.614425 11.181479 5.806128 5.375351
 79625.000000 0.604869 10.301182 5.806128 4.495054
 79650.000000 0.617134 11.393987 5.806128 5.587859
 79675.000000 0.627860 12.175077 5.806128 6.368949
 79700.000000 0.647516 13.698485 5.806128 7.892357
 79725.000000 0.659436 14.577827 5.806128 8.771699
 79750.000000 0.664460 14.851795 5.806128 9.045667
 79775.000000 0.667041 14.959869 5.806128 9.153741
 79800.000000 0.608541 10.669425 5.806128 4.863296
 79825.000000 0.622919 11.821078 5.806128 6.014949
 79850.000000 0.595374 9.117573 5.806128 3.311445
 79875.000000 0.566588 4.191302 5.806128 -1.614827
 79900.000000 0.547946 1.858883 5.806128 -3.947246
 79925.000000 0.583530 7.178889 5.806128 1.372761
 79950.000000 0.644132 13.424084 5.806128 7.617956
 79975.000000 0.651395 14.006307 5.806128 8.200179
 80000.000000 0.665728 14.907963 5.938302 9.101834
